1,аба,3
2,аби,3
3,ава,3
4,ага,3
5,ада,3
6,аир,3
7,ајс,3
8,ака,3
9,ако,3
10,акт,3
11,ала,3
12,але,3
13,али,3
14,ало,3
15,алт,3
16,ама,3
17,ами,3
18,апе,3
19,апо,3
20,апс,3
21,ара,3
22,арм,3
23,аро,3
24,арч,3
25,асе,3
26,аут,3
27,аух,3
28,аха,3
29,аџи,3
30,бае,3
31,баз,3
32,бај,3
33,бал,3
34,бам,3
35,бан,3
36,бар,3
37,бас,3
38,бат,3
39,бау,3
40,бач,3
41,баш,3
42,беа,3
43,бев,3
44,бег,3
45,беж,3
46,без,3
47,беј,3
48,бек,3
49,бел,3
50,бес,3
51,беџ,3
52,бие,3
53,бик,3
54,бил,3
55,бип,3
56,бир,3
57,бис,3
58,бит,3
59,бич,3
60,бла,3
61,боа,3
62,боб,3
63,бог,3
64,бод,3
65,боз,3
66,бои,3
67,бој,3
68,бок,3
69,бол,3
70,бон,3
71,бор,3
72,бос,3
73,бот,3
74,бош,3
75,бре,3
76,брз,3
77,був,3
78,буи,3
79,бум,3
80,буп,3
81,бут,3
82,ваа,3
83,вај,3
84,вам,3
85,ван,3
86,вар,3
87,вас,3
88,ват,3
89,ваш,3
90,веб,3
91,вее,3
92,вез,3
93,век,3
94,вел,3
95,вет,3
96,виа,3
97,вид,3
98,вие,3
99,виј,3
100,вик,3
101,вин,3
102,вир,3
103,вис,3
104,вит,3
105,виц,3
106,виш,3
107,воа,3
108,вод,3
109,воз,3
110,вој,3
111,вок,3
112,вол,3
113,вон,3
114,врв,3
115,врз,3
116,врл,3
117,врц,3
118,гад,3
119,гал,3
120,гас,3
121,гаф,3
122,гег,3
123,гел,3
124,гем,3
125,ген,3
126,гиф,3
127,гну,3
128,год,3
129,гои,3
130,гол,3
131,гот,3
132,грб,3
133,грд,3
134,грк,3
135,грм,3
136,гро,3
137,грч,3
138,гус,3
139,даб,3
140,дал,3
141,дан,3
142,дар,3
143,два,3
144,две,3
145,ддв,3
146,дел,3
147,ден,3
148,диб,3
149,див,3
150,дим,3
151,дип,3
152,дни,3
153,днк,3
154,дно,3
155,дои,3
156,док,3
157,дол,3
158,дом,3
159,дон,3
160,дот,3
161,дрт,3
162,дуд,3
163,дуе,3
164,дум,3
165,дуо,3
166,дуп,3
167,дур,3
168,дух,3
169,ѓак,3
170,ѓел,3
171,ѓоа,3
172,ѓол,3
173,ѓон,3
174,ѓул,3
175,ѓум,3
176,ева,3
177,еве,3
178,ега,3
179,еге,3
180,его,3
181,еже,3
182,еја,3
183,екс,3
184,ела,3
185,ели,3
186,елф,3
187,еми,3
188,емо,3
189,ему,3
190,ене,3
191,еол,3
192,еон,3
193,ера,3
194,ете,3
195,ефе,3
196,ехо,3
197,ечи,3
198,жад,3
199,жал,3
200,жар,3
201,жег,3
202,жед,3
203,жив,3
204,жиг,3
205,жир,3
206,жиш,3
207,жуљ,3
208,жур,3
209,заб,3
210,зад,3
211,зар,3
212,зев,3
213,зее,3
214,зен,3
215,зер,3
216,зет,3
217,зла,3
218,зли,3
219,зло,3
220,зоб,3
221,зов,3
222,зол,3
223,зор,3
224,зуи,3
225,ѕид,3
226,ѕун,3
227,ива,3
228,иде,3
229,иди,3
230,ија,3
231,ика,3
232,икс,3
233,иле,3
234,или,3
235,има,3
236,име,3
237,инч,3
238,иње,3
239,ист,3
240,ита,3
241,иха,3
242,јад,3
243,јаз,3
244,јак,3
245,јас,3
246,јен,3
247,јин,3
248,јод,3
249,јок,3
250,јон,3
251,југ,3
252,кај,3
253,как,3
254,кал,3
255,кас,3
256,кат,3
257,кеј,3
258,кељ,3
259,кец,3
260,кеш,3
261,ким,3
262,кип,3
263,кир,3
264,кит,3
265,кич,3
266,коа,3
267,коб,3
268,ков,3
269,код,3
270,кое,3
271,кои,3
272,кој,3
273,кол,3
274,кон,3
275,коњ,3
276,коп,3
277,кор,3
278,кос,3
279,коч,3
280,кош,3
281,крв,3
282,крк,3
283,крт,3
284,крц,3
285,крш,3
286,куб,3
287,куд,3
288,кул,3
289,кум,3
290,куп,3
291,кус,3
292,куц,3
293,куш,3
294,лав,3
295,лад,3
296,лае,3
297,лај,3
298,лак,3
299,лап,3
300,лаф,3
301,лач,3
302,леа,3
303,леб,3
304,лед,3
305,лее,3
306,леј,3
307,лек,3
308,лем,3
309,лен,3
310,лер,3
311,лес,3
312,лет,3
313,леш,3
314,лив,3
315,лие,3
316,лик,3
317,лим,3
318,лир,3
319,лит,3
320,лоб,3
321,лов,3
322,лоз,3
323,лој,3
324,лом,3
325,лос,3
326,лош,3
327,луд,3
328,лук,3
329,луп,3
330,лут,3
331,мав,3
332,маг,3
333,маж,3
334,мај,3
335,мак,3
336,мал,3
337,мат,3
338,мац,3
339,мев,3
340,мед,3
341,мек,3
342,меч,3
343,миг,3
344,мие,3
345,мил,3
346,мир,3
347,мис,3
348,мит,3
349,моа,3
350,моб,3
351,мов,3
352,мое,3
353,мој,3
354,мок,3
355,мол,3
356,мор,3
357,моќ,3
358,моч,3
359,мрк,3
360,мрс,3
361,мур,3
362,над,3
363,нај,3
364,нам,3
365,нар,3
366,нас,3
367,наш,3
368,неа,3
369,нем,3
370,нив,3
371,ние,3
372,низ,3
373,ним,3
374,нож,3
375,ној,3
376,нор,3
377,нос,3
378,ноќ,3
379,ова,3
380,ода,3
381,оди,3
382,ока,3
383,око,3
384,она,3
385,они,3
386,оно,3
387,опа,3
388,опс,3
389,ора,3
390,оро,3
391,оса,3
392,оти,3
393,оту,3
394,охо,3
395,оче,3
396,очи,3
397,оџа,3
398,паб,3
399,пад,3
400,паж,3
401,пак,3
402,пан,3
403,пар,3
404,пас,3
405,пат,3
406,пау,3
407,пее,3
408,пек,3
409,пес,3
410,пет,3
411,пех,3
412,пеш,3
413,пив,3
414,пие,3
415,пик,3
416,пин,3
417,пир,3
418,пис,3
419,под,3
420,пое,3
421,пои,3
422,пој,3
423,пол,3
424,поп,3
425,пор,3
426,пот,3
427,прв,3
428,при,3
429,про,3
430,прт,3
431,прч,3
432,пул,3
433,пуф,3
434,пуч,3
435,пци,3
436,пшт,3
437,раб,3
438,рај,3
439,рак,3
440,рам,3
441,ран,3
442,рап,3
443,реа,3
444,рев,3
445,ред,3
446,рее,3
447,рез,3
448,рен,3
449,реч,3
450,реш,3
451,рид,3
452,рие,3
453,рик,3
454,рис,3
455,риф,3
456,роб,3
457,ров,3
458,рог,3
459,род,3
460,рој,3
461,рок,3
462,ром,3
463,руж,3
464,рум,3
465,рус,3
466,саа,3
467,сад,3
468,саз,3
469,сал,3
470,сам,3
471,сач,3
472,сеа,3
473,сед,3
474,сее,3
475,сем,3
476,сет,3
477,сеф,3
478,сеч,3
479,сив,3
480,син,3
481,сир,3
482,сит,3
483,ски,3
484,сме,3
485,сој,3
486,сок,3
487,сол,3
488,сом,3
489,сон,3
490,сор,3
491,сос,3
492,спа,3
493,срж,3
494,срк,3
495,срп,3
496,срт,3
497,сте,3
498,сто,3
499,сув,3
500,суд,3
501,сум,3
502,сур,3
503,сус,3
504,таа,3
505,таг,3
506,таи,3
507,там,3
508,тап,3
509,тас,3
510,тег,3
511,тек,3
512,тел,3
513,тељ,3
514,тен,3
515,тер,3
516,тие,3
517,тик,3
518,тил,3
519,тим,3
520,тип,3
521,тих,3
522,тло,3
523,тоа,3
524,тој,3
525,ток,3
526,том,3
527,тон,3
528,топ,3
529,тор,3
530,три,3
531,трк,3
532,трн,3
533,тро,3
534,туѓ,3
535,тук,3
536,тул,3
537,туп,3
538,туф,3
539,туч,3
540,туш,3
541,ќар,3
542,ќеф,3
543,ќор,3
544,ќос,3
545,ќош,3
546,ќуд,3
547,ќук,3
548,ќуп,3
549,уво,3
550,уем,3
551,узо,3
552,ука,3
553,ума,3
554,уна,3
555,ура,3
556,усб,3
557,ута,3
558,учи,3
559,уше,3
560,уши,3
561,фан,3
562,фар,3
563,фат,3
564,фах,3
565,фен,3
566,фер,3
567,фес,3
568,фил,3
569,фин,3
570,фис,3
571,фит,3
572,фиу,3
573,фол,3
574,фон,3
575,фор,3
576,фул,3
577,фуш,3
578,хан,3
579,хеј,3
580,хит,3
581,хол,3
582,хор,3
583,хун,3
584,цак,3
585,цап,3
586,цар,3
587,цел,3
588,цеп,3
589,цер,3
590,цех,3
591,цис,3
592,циц,3
593,цол,3
594,црв,3
595,црн,3
596,цуг,3
597,цут,3
598,чад,3
599,чај,3
600,чам,3
601,чао,3
602,чап,3
603,чар,3
604,час,3
605,чек,3
606,чеп,3
607,чех,3
608,чив,3
609,чие,3
610,чии,3
611,чиј,3
612,чик,3
613,чим,3
614,чин,3
615,чип,3
616,чир,3
617,чиш,3
618,чок,3
619,чуе,3
620,чук,3
621,чул,3
622,чун,3
623,чур,3
624,џам,3
625,џан,3
626,џеб,3
627,џез,3
628,џек,3
629,џем,3
630,џин,3
631,џип,3
632,џиш,3
633,џул,3
634,џус,3
635,шал,3
636,шан,3
637,шап,3
638,шар,3
639,шах,3
640,шеа,3
641,шев,3
642,шеј,3
643,шер,3
644,шеф,3
645,шех,3
646,шие,3
647,шик,3
648,шип,3
649,шир,3
650,шиш,3
651,шок,3
652,шоп,3
653,шоу,3
654,што,3
655,шум,3
656,шут,3
657,абел,4
658,абен,4
659,абер,4
660,авај,4
661,аван,4
662,авар,4
663,авел,4
664,авка,4
665,авра,4
666,агин,4
667,агли,4
668,агов,4
669,агол,4
670,адам,4
671,адет,4
672,адут,4
673,ажур,4
674,азар,4
675,азил,4
676,азна,4
677,азно,4
678,азот,4
679,азур,4
680,ајан,4
681,ајде,4
682,ајле,4
683,акал,4
684,акна,4
685,акне,4
686,аков,4
687,акра,4
688,алал,4
689,алас,4
690,алат,4
691,алах,4
692,алва,4
693,алга,4
694,алев,4
695,алка,4
696,алов,4
697,алое,4
698,алпи,4
699,алфа,4
700,алче,4
701,амал,4
702,амам,4
703,аман,4
704,амин,4
705,амка,4
706,амор,4
707,ампа,4
708,амур,4
709,амут,4
710,анка,4
711,анти,4
712,апаш,4
713,апеж,4
714,апел,4
715,апла,4
716,апне,4
717,апси,4
718,апче,4
719,арам,4
720,арап,4
721,арар,4
722,арач,4
723,арен,4
724,арес,4
725,арка,4
726,арно,4
727,арон,4
728,арпа,4
729,арчи,4
730,асли,4
731,атак,4
732,атар,4
733,атер,4
734,атол,4
735,атом,4
736,аула,4
737,аура,4
738,ауто,4
739,афро,4
740,афти,4
741,ачик,4
742,ашик,4
743,ашов,4
744,баба,4
745,баби,4
746,бави,4
747,база,4
748,баир,4
749,бајт,4
750,бака,4
751,бала,4
752,бале,4
753,бања,4
754,бара,4
755,бард,4
756,баре,4
757,бате,4
758,бато,4
759,бауч,4
760,баце,4
761,баци,4
762,бачо,4
763,баџа,4
764,баџо,4
765,бдее,4
766,бебе,4
767,бега,4
768,беда,4
769,бели,4
770,бело,4
771,беља,4
772,бенд,4
773,бере,4
774,беса,4
775,беси,4
776,беше,4
777,бива,4
778,бивш,4
779,бигл,4
780,биде,4
781,било,4
782,бина,4
783,бинт,4
784,бира,4
785,биро,4
786,бифе,4
787,биче,4
788,бичи,4
789,бише,4
790,благ,4
791,блам,4
792,блед,4
793,блее,4
794,блен,4
795,блеф,4
796,блик,4
797,блиц,4
798,блог,4
799,блок,4
800,блуд,4
801,блуе,4
802,блуз,4
803,бљак,4
804,боде,4
805,боем,4
806,боен,4
807,боже,4
808,божи,4
809,боза,4
810,боја,4
811,бокс,4
812,болд,4
813,боли,4
814,борд,4
815,борч,4
816,бофл,4
817,боца,4
818,брав,4
819,брак,4
820,бран,4
821,брат,4
822,брач,4
823,бргу,4
824,брдо,4
825,брег,4
826,бреј,4
827,брже,4
828,брза,4
829,брзо,4
830,брис,4
831,брит,4
832,брич,4
833,бриџ,4
834,брка,4
835,брле,4
836,брод,4
837,брои,4
838,број,4
839,бром,4
840,брош,4
841,брст,4
842,брус,4
843,брут,4
844,брух,4
845,брца,4
846,брчи,4
847,буба,4
848,бува,4
849,буги,4
850,буда,4
851,буди,4
852,буен,4
853,буза,4
854,бука,4
855,буке,4
856,була,4
857,буле,4
858,були,4
859,буна,4
860,буни,4
861,бунт,4
862,бура,4
863,буре,4
864,бута,4
865,буца,4
866,буци,4
867,бучи,4
868,ваби,4
869,вага,4
870,вада,4
871,вади,4
872,ваѓа,4
873,важи,4
874,ваза,4
875,вазе,4
876,вази,4
877,ваја,4
878,вака,4
879,вала,4
880,вали,4
881,валс,4
882,вамп,4
883,ваму,4
884,вари,4
885,вата,4
886,вати,4
887,вбие,4
888,вгои,4
889,вега,4
890,веда,4
891,веди,4
892,веѓа,4
893,везе,4
894,вели,4
895,вена,4
896,вене,4
897,вера,4
898,вери,4
899,верс,4
900,вети,4
901,вето,4
902,веќе,4
903,веце,4
904,вешт,4
905,взор,4
906,вива,4
907,вида,4
908,види,4
909,виѓа,4
910,виѓе,4
911,виеж,4
912,виза,4
913,вика,4
914,вики,4
915,вила,4
916,виме,4
917,вина,4
918,вино,4
919,винт,4
920,виор,4
921,вири,4
922,виси,4
923,вист,4
924,вита,4
925,вито,4
926,виши,4
927,вјас,4
928,вкуп,4
929,вкус,4
930,влав,4
931,влее,4
932,влез,4
933,влив,4
934,влог,4
935,внес,4
936,внук,4
937,воал,4
938,вода,4
939,води,4
940,воен,4
941,вожд,4
942,вози,4
943,воин,4
944,воле,4
945,волк,4
946,волт,4
947,впие,4
948,враг,4
949,вран,4
950,врат,4
951,врач,4
952,врба,4
953,врви,4
954,врга,4
955,вред,4
956,вреж,4
957,врез,4
958,врел,4
959,врес,4
960,врзе,4
961,врие,4
962,врло,4
963,врне,4
964,врти,4
965,вруќ,4
966,врца,4
967,врши,4
968,всее,4
969,втас,4
970,втор,4
971,вуду,4
972,вчас,4
973,вшие,4
974,вшир,4
975,габа,4
976,гага,4
977,гаѓа,4
978,газа,4
979,газе,4
980,гази,4
981,гака,4
982,гала,4
983,гали,4
984,гама,4
985,ганц,4
986,гард,4
987,гаро,4
988,гаси,4
989,гата,4
990,гаќи,4
991,гаур,4
992,гаус,4
993,гваш,4
994,гега,4
995,гест,4
996,гети,4
997,гето,4
998,геџо,4
999,гиба,4
1000,гиди,4
1001,гине,4
1002,гипс,4
1003,гихт,4
1004,глад,4
1005,глас,4
1006,глат,4
1007,глед,4
1008,глеѓ,4
1009,глеј,4
1010,глет,4
1011,глиб,4
1012,глиф,4
1013,глог,4
1014,глув,4
1015,глуп,4
1016,гнас,4
1017,гнев,4
1018,гнет,4
1019,гние,4
1020,гнил,4
1021,гнои,4
1022,гној,4
1023,гном,4
1024,годи,4
1025,гоен,4
1026,голи,4
1027,голф,4
1028,гонг,4
1029,гони,4
1030,гора,4
1031,горд,4
1032,горе,4
1033,гори,4
1034,горо,4
1035,гост,4
1036,гоџи,4
1037,грав,4
1038,град,4
1039,грал,4
1040,грам,4
1041,граф,4
1042,грба,4
1043,грбе,4
1044,грби,4
1045,грга,4
1046,грди,4
1047,грев,4
1048,грее,4
1049,греј,4
1050,гриз,4
1051,грил,4
1052,грип,4
1053,грли,4
1054,грло,4
1055,грми,4
1056,грне,4
1057,гроб,4
1058,грог,4
1059,гром,4
1060,гроф,4
1061,грош,4
1062,грст,4
1063,груб,4
1064,грчи,4
1065,губи,4
1066,гуга,4
1067,гуде,4
1068,гуди,4
1069,гука,4
1070,гума,4
1071,гуна,4
1072,гуња,4
1073,гура,4
1074,гурд,4
1075,гуру,4
1076,густ,4
1077,гуша,4
1078,гуши,4
1079,дава,4
1080,дави,4
1081,дага,4
1082,дада,4
1083,даде,4
1084,дака,4
1085,дали,4
1086,дама,4
1087,дара,4
1088,дари,4
1089,дата,4
1090,дваж,4
1091,дваш,4
1092,двои,4
1093,двор,4
1094,деби,4
1095,дева,4
1096,деви,4
1097,деде,4
1098,дедо,4
1099,деец,4
1100,дека,4
1101,дела,4
1102,дели,4
1103,дело,4
1104,демо,4
1105,дени,4
1106,денк,4
1107,дење,4
1108,депо,4
1109,дерд,4
1110,дере,4
1111,дерт,4
1112,дете,4
1113,дето,4
1114,деца,4
1115,дива,4
1116,диво,4
1117,дига,4
1118,дими,4
1119,дина,4
1120,динг,4
1121,диња,4
1122,дира,4
1123,диск,4
1124,дише,4
1125,диши,4
1126,длан,4
1127,доба,4
1128,дога,4
1129,додо,4
1130,дожд,4
1131,доза,4
1132,долг,4
1133,доле,4
1134,долж,4
1135,долу,4
1136,дома,4
1137,доми,4
1138,дона,4
1139,донг,4
1140,драг,4
1141,драж,4
1142,драм,4
1143,драп,4
1144,драч,4
1145,дрви,4
1146,дрво,4
1147,дреа,4
1148,дрем,4
1149,дрен,4
1150,дрес,4
1151,држи,4
1152,дрма,4
1153,дроб,4
1154,дрон,4
1155,дрпа,4
1156,друг,4
1157,друм,4
1158,дуал,4
1159,дубл,4
1160,дува,4
1161,дуел,4
1162,дует,4
1163,дужд,4
1164,дуле,4
1165,дума,4
1166,дуна,4
1167,дуња,4
1168,дура,4
1169,дури,4
1170,душа,4
1171,души,4
1172,душо,4
1173,ѓаур,4
1174,ѓаче,4
1175,ѓене,4
1176,ѓиди,4
1177,ѓуле,4
1178,евин,4
1179,евла,4
1180,евро,4
1181,егеј,4
1182,едем,4
1183,еден,4
1184,едип,4
1185,едно,4
1186,едра,4
1187,едри,4
1188,едро,4
1189,ежав,4
1190,ежов,4
1191,езди,4
1192,еким,4
1193,екне,4
1194,екот,4
1195,елај,4
1196,елам,4
1197,елан,4
1198,елда,4
1199,елек,4
1200,елем,4
1201,елен,4
1202,елин,4
1203,елит,4
1204,елка,4
1205,елов,4
1206,емир,4
1207,емиш,4
1208,епик,4
1209,епир,4
1210,епос,4
1211,ерес,4
1212,ерос,4
1213,есап,4
1214,есеј,4
1215,есен,4
1216,ести,4
1217,етаж,4
1218,етан,4
1219,етен,4
1220,етер,4
1221,етил,4
1222,ефес,4
1223,ешек,4
1224,ешко,4
1225,жаба,4
1226,жабо,4
1227,жала,4
1228,жали,4
1229,жанр,4
1230,жари,4
1231,жбун,4
1232,жган,4
1233,жега,4
1234,жеже,4
1235,желе,4
1236,жена,4
1237,жени,4
1238,жива,4
1239,живе,4
1240,живо,4
1241,жига,4
1242,жижа,4
1243,жила,4
1244,жили,4
1245,жило,4
1246,жими,4
1247,жири,4
1248,жиро,4
1249,жити,4
1250,жито,4
1251,жица,4
1252,жлеб,4
1253,жнее,4
1254,жние,4
1255,жолт,4
1256,жолч,4
1257,жреб,4
1258,жрец,4
1259,жуга,4
1260,жули,4
1261,жупа,4
1262,жури,4
1263,заек,4
1264,заем,4
1265,залп,4
1266,заод,4
1267,збег,4
1268,збие,4
1269,збир,4
1270,збит,4
1271,збор,4
1272,звук,4
1273,згои,4
1274,згон,4
1275,здив,4
1276,зебу,4
1277,зева,4
1278,зевс,4
1279,зеде,4
1280,зема,4
1281,земе,4
1282,зере,4
1283,зима,4
1284,зиме,4
1285,зимо,4
1286,зине,4
1287,зипо,4
1288,зифт,4
1289,зјае,4
1290,зјај,4
1291,злат,4
1292,змев,4
1293,змеј,4
1294,знае,4
1295,знак,4
1296,зоба,4
1297,зона,4
1298,зора,4
1299,зори,4
1300,зоро,4
1301,зорт,4
1302,зрак,4
1303,зрее,4
1304,зрел,4
1305,зрно,4
1306,зулу,4
1307,ѕвек,4
1308,ѕвер,4
1309,ѕвон,4
1310,ѕевс,4
1311,ѕида,4
1312,ѕуни,4
1313,ѕури,4
1314,иако,4
1315,ибис,4
1316,игла,4
1317,игле,4
1318,игли,4
1319,игло,4
1320,игра,4
1321,иден,4
1322,идол,4
1323,изба,4
1324,изед,4
1325,изим,4
1326,изум,4
1327,икар,4
1328,икне,4
1329,икра,4
1330,илач,4
1331,илик,4
1332,илир,4
1333,илје,4
1334,иљам,4
1335,иљач,4
1336,имам,4
1337,имиџ,4
1338,имот,4
1339,имун,4
1340,инат,4
1341,инди,4
1342,инка,4
1343,инки,4
1344,инук,4
1345,инфо,4
1346,инче,4
1347,ипон,4
1348,ирам,4
1349,ирец,4
1350,ирис,4
1351,исав,4
1352,исак,4
1353,исее,4
1354,исип,4
1355,иска,4
1356,исто,4
1357,исус,4
1358,итар,4
1359,итен,4
1360,итер,4
1361,итно,4
1362,итро,4
1363,ишка,4
1364,ишне,4
1365,јава,4
1366,јаве,4
1367,јави,4
1368,јаде,4
1369,јаже,4
1370,јазе,4
1371,јазк,4
1372,јака,4
1373,јако,4
1374,јали,4
1375,јама,4
1376,јамб,4
1377,јанг,4
1378,јапи,4
1379,јард,4
1380,јаре,4
1381,јато,4
1382,јафа,4
1383,јаху,4
1384,јачи,4
1385,јети,4
1386,јога,4
1387,јоги,4
1388,јојо,4
1389,јуан,4
1390,јуба,4
1391,јува,4
1392,југа,4
1393,југо,4
1394,јуда,4
1395,јули,4
1396,јуне,4
1397,јуни,4
1398,јуно,4
1399,јура,4
1400,јури,4
1401,јута,4
1402,каба,4
1403,када,4
1404,каде,4
1405,кади,4
1406,каже,4
1407,каза,4
1408,каил,4
1409,каин,4
1410,каиш,4
1411,кака,4
1412,каки,4
1413,како,4
1414,кала,4
1415,кале,4
1416,кали,4
1417,кало,4
1418,кама,4
1419,ками,4
1420,камо,4
1421,камп,4
1422,кана,4
1423,кане,4
1424,кани,4
1425,кант,4
1426,кану,4
1427,капа,4
1428,капе,4
1429,капо,4
1430,кара,4
1431,каре,4
1432,кари,4
1433,каро,4
1434,каса,4
1435,ката,4
1436,кати,4
1437,каур,4
1438,кауч,4
1439,кафе,4
1440,каца,4
1441,каче,4
1442,качи,4
1443,каша,4
1444,квас,4
1445,квиз,4
1446,квит,4
1447,кеиф,4
1448,кеја,4
1449,кејф,4
1450,кекс,4
1451,келт,4
1452,кепе,4
1453,кеса,4
1454,кесе,4
1455,кече,4
1456,кива,4
1457,киви,4
1458,кика,4
1459,кикс,4
1460,кила,4
1461,кило,4
1462,килт,4
1463,кима,4
1464,кина,4
1465,кине,4
1466,кино,4
1467,кипа,4
1468,кипи,4
1469,кити,4
1470,киче,4
1471,клан,4
1472,клап,4
1473,клас,4
1474,клек,4
1475,клен,4
1476,клер,4
1477,клет,4
1478,клик,4
1479,клин,4
1480,клип,4
1481,клир,4
1482,клон,4
1483,клот,4
1484,клуб,4
1485,клум,4
1486,клун,4
1487,клуч,4
1488,кмер,4
1489,кмет,4
1490,кнап,4
1491,кнез,4
1492,коба,4
1493,коби,4
1494,кова,4
1495,кове,4
1496,кога,4
1497,кого,4
1498,кода,4
1499,кожа,4
1500,коза,4
1501,кози,4
1502,кока,4
1503,кокс,4
1504,кола,4
1505,коле,4
1506,колк,4
1507,коло,4
1508,колт,4
1509,кома,4
1510,коми,4
1511,кому,4
1512,копа,4
1513,копт,4
1514,кора,4
1515,кори,4
1516,коса,4
1517,коси,4
1518,косо,4
1519,кота,4
1520,коте,4
1521,коти,4
1522,кото,4
1523,кофа,4
1524,кочи,4
1525,коџа,4
1526,коше,4
1527,крај,4
1528,крак,4
1529,крал,4
1530,кран,4
1531,крап,4
1532,крас,4
1533,крах,4
1534,крдо,4
1535,крек,4
1536,крем,4
1537,креп,4
1538,крес,4
1539,креч,4
1540,крив,4
1541,крие,4
1542,крик,4
1543,крил,4
1544,крим,4
1545,крин,4
1546,крит,4
1547,крка,4
1548,крла,4
1549,крма,4
1550,крми,4
1551,кров,4
1552,крои,4
1553,крој,4
1554,крос,4
1555,крпа,4
1556,крпе,4
1557,крпи,4
1558,крст,4
1559,крти,4
1560,круг,4
1561,круп,4
1562,крут,4
1563,крца,4
1564,крчи,4
1565,крши,4
1566,куба,4
1567,кубе,4
1568,куди,4
1569,кука,4
1570,кула,4
1571,култ,4
1572,кума,4
1573,куми,4
1574,куна,4
1575,купа,4
1576,купе,4
1577,купи,4
1578,куси,4
1579,кусо,4
1580,куќа,4
1581,куќи,4
1582,куца,4
1583,куче,4
1584,куша,4
1585,кушо,4
1586,лава,4
1587,лага,4
1588,лада,4
1589,лади,4
1590,лаѓа,4
1591,лаеж,4
1592,лажа,4
1593,лаже,4
1594,лази,4
1595,лаик,4
1596,лајк,4
1597,лака,4
1598,лакт,4
1599,лале,4
1600,лама,4
1601,ламе,4
1602,лани,4
1603,лаос,4
1604,лапе,4
1605,ласо,4
1606,лати,4
1607,лафи,4
1608,лачи,4
1609,леан,4
1610,леар,4
1611,леви,4
1612,лево,4
1613,лега,4
1614,лего,4
1615,леда,4
1616,леди,4
1617,лежи,4
1618,леко,4
1619,лела,4
1620,леле,4
1621,лели,4
1622,лема,4
1623,леми,4
1624,лепи,4
1625,лепо,4
1626,леса,4
1627,лета,4
1628,лете,4
1629,лето,4
1630,леќа,4
1631,лечи,4
1632,либе,4
1633,лига,4
1634,лида,4
1635,лидо,4
1636,лиен,4
1637,лиже,4
1638,лија,4
1639,лика,4
1640,лико,4
1641,лила,4
1642,лима,4
1643,линк,4
1644,линч,4
1645,липа,4
1646,лира,4
1647,лиса,4
1648,лист,4
1649,лити,4
1650,лифт,4
1651,лице,4
1652,личи,4
1653,лиши,4
1654,лоби,4
1655,лови,4
1656,лого,4
1657,лоѓа,4
1658,лоен,4
1659,ложа,4
1660,ложи,4
1661,лоза,4
1662,лока,4
1663,ломи,4
1664,лорд,4
1665,лост,4
1666,лота,4
1667,лото,4
1668,лошо,4
1669,лувр,4
1670,луга,4
1671,лудо,4
1672,луѓе,4
1673,лука,4
1674,лукс,4
1675,лула,4
1676,луле,4
1677,лума,4
1678,луна,4
1679,луња,4
1680,лупа,4
1681,лупи,4
1682,лута,4
1683,лути,4
1684,луто,4
1685,луфа,4
1686,луфт,4
1687,љуба,4
1688,љубе,4
1689,љуби,4
1690,маат,4
1691,мава,4
1692,маже,4
1693,мажи,4
1694,маза,4
1695,мази,4
1696,маја,4
1697,мака,4
1698,мале,4
1699,мали,4
1700,мало,4
1701,малу,4
1702,мама,4
1703,маме,4
1704,мами,4
1705,мана,4
1706,ману,4
1707,маор,4
1708,мапа,4
1709,мара,4
1710,мари,4
1711,марс,4
1712,март,4
1713,марш,4
1714,маса,4
1715,маст,4
1716,мата,4
1717,мати,4
1718,маус,4
1719,маца,4
1720,маче,4
1721,мачи,4
1722,мачо,4
1723,маша,4
1724,мега,4
1725,медо,4
1726,меѓа,4
1727,меѓу,4
1728,мезе,4
1729,мези,4
1730,мејл,4
1731,мека,4
1732,меле,4
1733,мена,4
1734,мене,4
1735,мени,4
1736,мера,4
1737,мери,4
1738,меси,4
1739,месо,4
1740,мета,4
1741,мете,4
1742,меур,4
1743,меца,4
1744,мецо,4
1745,мече,4
1746,меша,4
1747,меше,4
1748,мига,4
1749,миди,4
1750,миже,4
1751,микс,4
1752,мила,4
1753,мило,4
1754,мина,4
1755,мине,4
1756,мини,4
1757,миом,4
1758,мири,4
1759,миро,4
1760,миса,4
1761,мито,4
1762,мјау,4
1763,млад,4
1764,млаз,4
1765,млак,4
1766,млеч,4
1767,млин,4
1768,мода,4
1769,може,4
1770,мока,4
1771,моли,4
1772,молк,4
1773,мома,4
1774,моме,4
1775,моно,4
1776,мора,4
1777,море,4
1778,морж,4
1779,мори,4
1780,морф,4
1781,мост,4
1782,мота,4
1783,мото,4
1784,моча,4
1785,мраз,4
1786,мрак,4
1787,мрда,4
1788,мрее,4
1789,мрза,4
1790,мрзи,4
1791,мрси,4
1792,мрчи,4
1793,мрша,4
1794,мува,4
1795,муза,4
1796,мука,4
1797,мула,4
1798,муле,4
1799,мура,4
1800,мусе,4
1801,муце,4
1802,муши,4
1803,нави,4
1804,наем,4
1805,нали,4
1806,нана,4
1807,нане,4
1808,нани,4
1809,нано,4
1810,наод,4
1811,наос,4
1812,напа,4
1813,наса,4
1814,наут,4
1815,наши,4
1816,небе,4
1817,небо,4
1818,нега,4
1819,него,4
1820,незе,4
1821,нека,4
1822,нели,4
1823,нема,4
1824,немо,4
1825,нему,4
1826,нена,4
1827,неон,4
1828,нерв,4
1829,нерц,4
1830,нето,4
1831,неук,4
1832,нива,4
1833,ниво,4
1834,ниет,4
1835,ниже,4
1836,нижи,4
1837,низа,4
1838,ника,4
1839,ними,4
1840,нити,4
1841,нито,4
1842,ниту,4
1843,ниша,4
1844,нова,4
1845,ново,4
1846,нога,4
1847,ногу,4
1848,ноев,4
1849,ноже,4
1850,нозе,4
1851,нокт,4
1852,носе,4
1853,носи,4
1854,нота,4
1855,ноќе,4
1856,ноџе,4
1857,нуди,4
1858,нула,4
1859,нура,4
1860,њоки,4
1861,оаза,4
1862,обед,4
1863,обем,4
1864,обид,4
1865,обие,4
1866,обир,4
1867,обоа,4
1868,обои,4
1869,обол,4
1870,обор,4
1871,обрт,4
1872,обуе,4
1873,оваа,4
1874,овај,4
1875,овал,4
1876,овде,4
1877,овен,4
1878,овес,4
1879,овие,4
1880,овој,4
1881,овца,4
1882,овчи,4
1883,оган,4
1884,огне,4
1885,огон,4
1886,одар,4
1887,одек,4
1888,одер,4
1889,один,4
1890,одма,4
1891,ожег,4
1892,озон,4
1893,ојде,4
1894,окае,4
1895,окат,4
1896,океј,4
1897,окер,4
1898,окне,4
1899,окно,4
1900,оков,4
1901,окоп,4
1902,окот,4
1903,окра,4
1904,окта,4
1905,окце,4
1906,олку,4
1907,олош,4
1908,олук,4
1909,олца,4
1910,омае,4
1911,омаж,4
1912,омај,4
1913,оман,4
1914,омие,4
1915,омот,4
1916,онаа,4
1917,онде,4
1918,оние,4
1919,оној,4
1920,опак,4
1921,опал,4
1922,опат,4
1923,опаш,4
1924,опее,4
1925,опие,4
1926,опис,4
1927,опит,4
1928,опна,4
1929,опне,4
1930,опои,4
1931,опој,4
1932,опор,4
1933,опре,4
1934,опул,4
1935,опус,4
1936,општ,4
1937,оран,4
1938,орат,4
1939,орач,4
1940,орда,4
1941,орев,4
1942,орел,4
1943,орен,4
1944,ориз,4
1945,орка,4
1946,орле,4
1947,ороз,4
1948,орук,4
1949,орша,4
1950,осен,4
1951,осет,4
1952,осип,4
1953,оска,4
1954,осми,4
1955,осој,4
1956,осум,4
1957,отец,4
1958,отме,4
1959,отне,4
1960,оток,4
1961,офка,4
1962,офне,4
1963,оцет,4
1964,оцрт,4
1965,очај,4
1966,очен,4
1967,очув,4
1968,оџак,4
1969,оџин,4
1970,ошав,4
1971,пади,4
1972,паѓа,4
1973,паек,4
1974,пази,4
1975,пакт,4
1976,пала,4
1977,пали,4
1978,панк,4
1979,пано,4
1980,папа,4
1981,папо,4
1982,пара,4
1983,пари,4
1984,парк,4
1985,пасе,4
1986,пати,4
1987,паун,4
1988,паус,4
1989,пача,4
1990,паша,4
1991,пеан,4
1992,пега,4
1993,педа,4
1994,пеза,4
1995,пезо,4
1996,пека,4
1997,пеки,4
1998,пелц,4
1999,пена,4
2000,пени,4
2001,пења,4
2002,пеон,4
2003,пере,4
2004,перо,4
2005,перу,4
2006,пета,4
2007,пече,4
2008,пиар,4
2009,пиво,4
2010,пиза,4
2011,пика,4
2012,пике,4
2013,пила,4
2014,пиле,4
2015,пили,4
2016,пион,4
2017,пипа,4
2018,пирг,4
2019,пире,4
2020,пири,4
2021,писа,4
2022,пита,4
2023,пица,4
2024,пиша,4
2025,пише,4
2026,пиши,4
2027,пјат,4
2028,плав,4
2029,плаз,4
2030,плак,4
2031,плам,4
2032,план,4
2033,плас,4
2034,плат,4
2035,плах,4
2036,плац,4
2037,плач,4
2038,плен,4
2039,плет,4
2040,плех,4
2041,плик,4
2042,плин,4
2043,плит,4
2044,плиш,4
2045,плод,4
2046,плот,4
2047,плуг,4
2048,плуе,4
2049,плус,4
2050,поен,4
2051,поет,4
2052,поза,4
2053,поим,4
2054,пола,4
2055,поле,4
2056,полк,4
2057,полн,4
2058,поло,4
2059,пони,4
2060,пора,4
2061,пори,4
2062,пост,4
2063,поук,4
2064,прав,4
2065,праг,4
2066,праз,4
2067,прат,4
2068,прва,4
2069,први,4
2070,прво,4
2071,прди,4
2072,пред,4
2073,през,4
2074,прек,4
2075,прес,4
2076,пржи,4
2077,прле,4
2078,прли,4
2079,прпа,4
2080,прст,4
2081,прти,4
2082,прус,4
2083,прша,4
2084,псуе,4
2085,пува,4
2086,пука,4
2087,пуле,4
2088,пулс,4
2089,пулт,4
2090,пума,4
2091,пуна,4
2092,пунч,4
2093,пупа,4
2094,пупе,4
2095,пупи,4
2096,пура,4
2097,пури,4
2098,пуст,4
2099,пцуе,4
2100,раат,4
2101,раби,4
2102,рага,4
2103,рагу,4
2104,радо,4
2105,раѓа,4
2106,ража,4
2107,раја,4
2108,рака,4
2109,рали,4
2110,рало,4
2111,рама,4
2112,раме,4
2113,рами,4
2114,рамо,4
2115,рана,4
2116,ранг,4
2117,рани,4
2118,рано,4
2119,ранч,4
2120,раса,4
2121,раси,4
2122,расо,4
2123,раст,4
2124,рата,4
2125,рафт,4
2126,раце,4
2127,рача,4
2128,раче,4
2129,раџа,4
2130,реав,4
2131,реве,4
2132,реге,4
2133,реди,4
2134,реже,4
2135,реза,4
2136,резе,4
2137,рејв,4
2138,рејс,4
2139,река,4
2140,рекс,4
2141,рели,4
2142,реми,4
2143,реон,4
2144,репа,4
2145,реса,4
2146,реси,4
2147,рече,4
2148,реши,4
2149,решо,4
2150,ржан,4
2151,риал,4
2152,риба,4
2153,риби,4
2154,рива,4
2155,рига,4
2156,рида,4
2157,риел,4
2158,риза,4
2159,рика,4
2160,рила,4
2161,рило,4
2162,рима,4
2163,ринг,4
2164,рине,4
2165,рипа,4
2166,рита,4
2167,риџа,4
2168,роба,4
2169,роби,4
2170,рови,4
2171,рога,4
2172,рода,4
2173,роди,4
2174,роен,4
2175,роза,4
2176,розе,4
2177,ромб,4
2178,рони,4
2179,ропа,4
2180,роса,4
2181,роси,4
2182,руба,4
2183,рубо,4
2184,руво,4
2185,руга,4
2186,руда,4
2187,руди,4
2188,руен,4
2189,ружа,4
2190,руна,4
2191,руни,4
2192,руно,4
2193,рупа,4
2194,руса,4
2195,рута,4
2196,рути,4
2197,рухо,4
2198,руча,4
2199,руши,4
2200,саан,4
2201,саат,4
2202,сага,4
2203,саде,4
2204,сади,4
2205,саѓа,4
2206,саем,4
2207,сајт,4
2208,сака,4
2209,саке,4
2210,сако,4
2211,сала,4
2212,сало,4
2213,сами,4
2214,само,4
2215,сапи,4
2216,сари,4
2217,саси,4
2218,саќе,4
2219,сафт,4
2220,сват,4
2221,свеж,4
2222,свет,4
2223,свие,4
2224,свод,4
2225,свое,4
2226,свој,4
2227,сеач,4
2228,себе,4
2229,сево,4
2230,сега,4
2231,седи,4
2232,сеиз,4
2233,сеир,4
2234,сека,4
2235,секи,4
2236,секо,4
2237,села,4
2238,сели,4
2239,село,4
2240,семе,4
2241,сена,4
2242,сени,4
2243,сено,4
2244,сенс,4
2245,сенф,4
2246,сепс,4
2247,сере,4
2248,серт,4
2249,сета,4
2250,сети,4
2251,сето,4
2252,сеча,4
2253,сече,4
2254,сиво,4
2255,сида,4
2256,сиже,4
2257,сика,4
2258,сила,4
2259,сили,4
2260,симс,4
2261,сине,4
2262,сино,4
2263,сион,4
2264,сиот,4
2265,сипа,4
2266,сипе,4
2267,сита,4
2268,сите,4
2269,сити,4
2270,сито,4
2271,сјае,4
2272,сјаи,4
2273,сјај,4
2274,сказ,4
2275,скај,4
2276,скап,4
2277,скво,4
2278,скеч,4
2279,скок,4
2280,скор,4
2281,скот,4
2282,скрб,4
2283,скрц,4
2284,скут,4
2285,слаб,4
2286,слад,4
2287,слап,4
2288,след,4
2289,слее,4
2290,слез,4
2291,слеп,4
2292,слет,4
2293,слив,4
2294,слие,4
2295,слик,4
2296,слог,4
2297,слој,4
2298,слом,4
2299,слон,4
2300,слуз,4
2301,слух,4
2302,смае,4
2303,смеа,4
2304,смев,4
2305,смее,4
2306,смел,4
2307,смет,4
2308,смеч,4
2309,смие,4
2310,смил,4
2311,смир,4
2312,смог,4
2313,смок,4
2314,смрт,4
2315,смук,4
2316,смут,4
2317,снаа,4
2318,снег,4
2319,сноб,4
2320,сноп,4
2321,соба,4
2322,сода,4
2323,соин,4
2324,соја,4
2325,соли,4
2326,соло,4
2327,сонг,4
2328,соне,4
2329,сони,4
2330,сосе,4
2331,соте,4
2332,софа,4
2333,спам,4
2334,спас,4
2335,спат,4
2336,спев,4
2337,спее,4
2338,спид,4
2339,спие,4
2340,спин,4
2341,спис,4
2342,спиц,4
2343,спои,4
2344,спој,4
2345,спор,4
2346,спот,4
2347,срам,4
2348,срби,4
2349,срди,4
2350,сред,4
2351,сржи,4
2352,срка,4
2353,срма,4
2354,срна,4
2355,срок,4
2356,срти,4
2357,срце,4
2358,срча,4
2359,став,4
2360,стаж,4
2361,стаи,4
2362,стан,4
2363,стап,4
2364,стар,4
2365,стас,4
2366,стег,4
2367,стек,4
2368,степ,4
2369,стил,4
2370,стих,4
2371,стог,4
2372,стои,4
2373,стој,4
2374,стол,4
2375,стоп,4
2376,стрв,4
2377,стрм,4
2378,студ,4
2379,сува,4
2380,суво,4
2381,суди,4
2382,сука,4
2383,сума,4
2384,суми,4
2385,сумо,4
2386,супа,4
2387,сура,4
2388,суфи,4
2389,суче,4
2390,суша,4
2391,суши,4
2392,сушт,4
2393,таан,4
2394,табу,4
2395,тава,4
2396,тага,4
2397,таен,4
2398,тажи,4
2399,тазе,4
2400,таја,4
2401,така,4
2402,тако,4
2403,такт,4
2404,талк,4
2405,таму,4
2406,танц,4
2407,тапа,4
2408,тапи,4
2409,тапо,4
2410,тара,4
2411,таро,4
2412,тате,4
2413,тато,4
2414,таши,4
2415,твар,4
2416,твид,4
2417,твит,4
2418,твое,4
2419,твои,4
2420,твој,4
2421,твор,4
2422,тврд,4
2423,тебе,4
2424,тежа,4
2425,тежи,4
2426,теза,4
2427,теин,4
2428,теке,4
2429,теле,4
2430,тели,4
2431,тело,4
2432,тема,4
2433,теме,4
2434,тенк,4
2435,тепа,4
2436,тепе,4
2437,тера,4
2438,терк,4
2439,терм,4
2440,тест,4
2441,тета,4
2442,теќе,4
2443,тече,4
2444,теши,4
2445,тизе,4
2446,тики,4
2447,тиња,4
2448,тире,4
2449,тиса,4
2450,титл,4
2451,ткае,4
2452,тлее,4
2453,тови,4
2454,тога,4
2455,тока,4
2456,тоне,4
2457,тонч,4
2458,топи,4
2459,тора,4
2460,тост,4
2461,точи,4
2462,траг,4
2463,трае,4
2464,трап,4
2465,трас,4
2466,трат,4
2467,трач,4
2468,трга,4
2469,трем,4
2470,трес,4
2471,трет,4
2472,треф,4
2473,трие,4
2474,триж,4
2475,трик,4
2476,трио,4
2477,трип,4
2478,трка,4
2479,трла,4
2480,трло,4
2481,трне,4
2482,трње,4
2483,троа,4
2484,трол,4
2485,тром,4
2486,трон,4
2487,троп,4
2488,трпа,4
2489,трпи,4
2490,трти,4
2491,труд,4
2492,труе,4
2493,трул,4
2494,труп,4
2495,трус,4
2496,трут,4
2497,трча,4
2498,туба,4
2499,туѓи,4
2500,тужи,4
2501,туја,4
2502,тука,4
2503,туку,4
2504,тула,4
2505,тули,4
2506,туна,4
2507,тупа,4
2508,тупи,4
2509,тура,4
2510,тури,4
2511,туце,4
2512,туше,4
2513,туши,4
2514,ќаба,4
2515,ќаја,4
2516,ќари,4
2517,ќебе,4
2518,ќеиф,4
2519,ќела,4
2520,ќепе,4
2521,ќеса,4
2522,ќесе,4
2523,ќоро,4
2524,ќосе,4
2525,ќоше,4
2526,ќукш,4
2527,ќунк,4
2528,ќурк,4
2529,ќути,4
2530,уапе,4
2531,убав,4
2532,убод,4
2533,убои,4
2534,увид,4
2535,увие,4
2536,увод,4
2537,увоз,4
2538,увце,4
2539,угар,4
2540,угич,4
2541,угои,4
2542,угол,4
2543,угул,4
2544,удав,4
2545,удар,4
2546,удел,4
2547,удир,4
2548,удри,4
2549,ужас,4
2550,узда,4
2551,указ,4
2552,укач,4
2553,укит,4
2554,укне,4
2555,укоп,4
2556,укор,4
2557,улав,4
2558,улар,4
2559,улов,4
2560,улог,4
2561,умее,4
2562,умен,4
2563,умно,4
2564,умор,4
2565,умре,4
2566,унер,4
2567,унца,4
2568,упад,4
2569,упат,4
2570,упис,4
2571,уран,4
2572,урда,4
2573,урду,4
2574,уреа,4
2575,уред,4
2576,урка,4
2577,урма,4
2578,урна,4
2579,урне,4
2580,уров,4
2581,урок,4
2582,усет,4
2583,усна,4
2584,усно,4
2585,уста,4
2586,усте,4
2587,усул,4
2588,утка,4
2589,утне,4
2590,утоп,4
2591,утре,4
2592,утро,4
2593,утче,4
2594,ухне,4
2595,учен,4
2596,уџум,4
2597,ушак,4
2598,ушат,4
2599,ушен,4
2600,ушка,4
2601,ушла,4
2602,ушле,4
2603,ушло,4
2604,уште,4
2605,фаза,4
2606,фајл,4
2607,факс,4
2608,факт,4
2609,фала,4
2610,фали,4
2611,фалц,4
2612,фалш,4
2613,фама,4
2614,фанк,4
2615,фати,4
2616,фаќа,4
2617,фаул,4
2618,фаун,4
2619,фаца,4
2620,фела,4
2621,фелш,4
2622,фета,4
2623,феуд,4
2624,фиде,4
2625,фикс,4
2626,филе,4
2627,филм,4
2628,филц,4
2629,фино,4
2630,фира,4
2631,фиук,4
2632,фиџи,4
2633,флеш,4
2634,фоја,4
2635,фока,4
2636,фолк,4
2637,фонд,4
2638,фонт,4
2639,фора,4
2640,фота,4
2641,фото,4
2642,фрај,4
2643,фрак,4
2644,фрас,4
2645,фриз,4
2646,фрка,4
2647,фрла,4
2648,фрли,4
2649,фрча,4
2650,фрчи,4
2651,фуга,4
2652,фута,4
2653,фучи,4
2654,хака,4
2655,хала,4
2656,хаос,4
2657,хапи,4
2658,хара,4
2659,хауг,4
2660,хаџи,4
2661,хеви,4
2662,хера,4
2663,херц,4
2664,хипи,4
2665,хлор,4
2666,хмељ,4
2667,хоби,4
2668,хомо,4
2669,хост,4
2670,хоџа,4
2671,храм,4
2672,хром,4
2673,хула,4
2674,хули,4
2675,цака,4
2676,цари,4
2677,цвет,4
2678,цвик,4
2679,цеде,4
2680,цеди,4
2681,цели,4
2682,цело,4
2683,цена,4
2684,цени,4
2685,цент,4
2686,цепи,4
2687,цери,4
2688,цика,4
2689,цима,4
2690,цинк,4
2691,ципа,4
2692,цмок,4
2693,црви,4
2694,цреп,4
2695,црка,4
2696,црни,4
2697,црно,4
2698,црпи,4
2699,црта,4
2700,црца,4
2701,цуне,4
2702,цути,4
2703,чади,4
2704,чаен,4
2705,чаир,4
2706,чаре,4
2707,чарк,4
2708,част,4
2709,чати,4
2710,чауш,4
2711,чаша,4
2712,чаше,4
2713,чвор,4
2714,чедо,4
2715,чеза,4
2716,чеиз,4
2717,чека,4
2718,чела,4
2719,чело,4
2720,чепи,4
2721,чест,4
2722,чета,4
2723,чеша,4
2724,чибу,4
2725,чија,4
2726,чини,4
2727,чипс,4
2728,чист,4
2729,чита,4
2730,чифт,4
2731,чиче,4
2732,чичо,4
2733,чкор,4
2734,член,4
2735,чмае,4
2736,чмај,4
2737,чоен,4
2738,чоја,4
2739,чпрт,4
2740,чува,4
2741,чуди,4
2742,чудо,4
2743,чуен,4
2744,чука,4
2745,чукш,4
2746,чули,4
2747,чуло,4
2748,чума,4
2749,чуму,4
2750,чупа,4
2751,чупе,4
2752,чупи,4
2753,чури,4
2754,чучи,4
2755,џабе,4
2756,џаде,4
2757,џапа,4
2758,џара,4
2759,џбун,4
2760,џган,4
2761,џева,4
2762,џеза,4
2763,џинс,4
2764,џиџе,4
2765,џрџа,4
2766,џудо,4
2767,џуџе,4
2768,шака,4
2769,шанк,4
2770,шара,4
2771,шари,4
2772,шарм,4
2773,шаро,4
2774,шатл,4
2775,шато,4
2776,шева,4
2777,шега,4
2778,шеик,4
2779,шема,4
2780,шепа,4
2781,шери,4
2782,шест,4
2783,шета,4
2784,шиба,4
2785,шива,4
2786,шизи,4
2787,шија,4
2788,шика,4
2789,шиле,4
2790,шили,4
2791,шило,4
2792,шина,4
2793,шине,4
2794,шира,4
2795,шири,4
2796,шиша,4
2797,шише,4
2798,шкаф,4
2799,шкот,4
2800,шкрт,4
2801,шлаг,4
2802,шлак,4
2803,шлап,4
2804,шлем,4
2805,шлеп,4
2806,шлиф,4
2807,шлиц,4
2808,шлог,4
2809,шлуп,4
2810,шмек,4
2811,шмрк,4
2812,шнит,4
2813,шнур,4
2814,шорц,4
2815,шота,4
2816,шпил,4
2817,шпиц,4
2818,шраф,4
2819,штаб,4
2820,штеп,4
2821,штим,4
2822,штир,4
2823,штит,4
2824,штих,4
2825,штом,4
2826,штос,4
2827,штоф,4
2828,штрб,4
2829,штрк,4
2830,штур,4
2831,шубе,4
2832,шуга,4
2833,шуко,4
2834,шума,4
2835,шуми,4
2836,шунд,4
2837,шупа,4
2838,шупи,4
2839,шура,4
2840,шури,4
2841,шути,4
2842,шуто,4
2843,абдал,5
2844,абраш,5
2845,авакс,5
2846,аванс,5
2847,аверс,5
2848,авион,5
2849,автор,5
2850,агава,5
2851,агапи,5
2852,агенс,5
2853,агент,5
2854,агица,5
2855,агиче,5
2856,агора,5
2857,аграр,5
2858,агува,5
2859,адана,5
2860,адаџо,5
2861,адиос,5
2862,адски,5
2863,аероб,5
2864,аерон,5
2865,аждер,5
2866,азган,5
2867,азиец,5
2868,азија,5
2869,азнар,5
2870,аирли,5
2871,ајакс,5
2872,ајван,5
2873,ајвар,5
2874,ајгар,5
2875,ајдук,5
2876,ајдут,5
2877,ајљак,5
2878,ајљаз,5
2879,ајпод,5
2880,ајфон,5
2881,акмак,5
2882,акорд,5
2883,акран,5
2884,акреп,5
2885,акрил,5
2886,аксел,5
2887,актер,5
2888,актив,5
2889,аламо,5
2890,аларм,5
2891,алаун,5
2892,алаџа,5
2893,албум,5
2894,алеја,5
2895,алжир,5
2896,алиас,5
2897,алиби,5
2898,алиса,5
2899,алкан,5
2900,алкен,5
2901,алкин,5
2902,алови,5
2903,алоса,5
2904,алтан,5
2905,алтов,5
2906,алцид,5
2907,алчен,5
2908,аљкав,5
2909,амбар,5
2910,амбер,5
2911,амбис,5
2912,амвон,5
2913,амеба,5
2914,амини,5
2915,амино,5
2916,амиџа,5
2917,амиши,5
2918,ампер,5
2919,анали,5
2920,анама,5
2921,ангел,5
2922,ангро,5
2923,анекс,5
2924,анима,5
2925,анкер,5
2926,анода,5
2927,ански,5
2928,антав,5
2929,антре,5
2930,анфас,5
2931,анџак,5
2932,анџар,5
2933,аорта,5
2934,апачи,5
2935,аплив,5
2936,апоен,5
2937,аполо,5
2938,април,5
2939,аргат,5
2940,аргон,5
2941,аргус,5
2942,ареал,5
2943,арена,5
2944,ареса,5
2945,ариел,5
2946,ариза,5
2947,арија,5
2948,армас,5
2949,арома,5
2950,арсен,5
2951,арсин,5
2952,артур,5
2953,архив,5
2954,аршин,5
2955,асана,5
2956,аскер,5
2957,аскет,5
2958,асном,5
2959,аспра,5
2960,астал,5
2961,астер,5
2962,астма,5
2963,атака,5
2964,аташе,5
2965,атест,5
2966,атика,5
2967,атила,5
2968,атина,5
2969,атица,5
2970,атлас,5
2971,атлет,5
2972,аудио,5
2973,афект,5
2974,афера,5
2975,афион,5
2976,ахеец,5
2977,ахеја,5
2978,ацтек,5
2979,аџија,5
2980,ашлак,5
2981,бааги,5
2982,бабин,5
2983,бабот,5
2984,бабри,5
2985,бабун,5
2986,бавеж,5
2987,бавен,5
2988,бавта,5
2989,бавча,5
2990,багаж,5
2991,багер,5
2992,багет,5
2993,багра,5
2994,багри,5
2995,бадем,5
2996,баеги,5
2997,базар,5
2998,базди,5
2999,базен,5
3000,бајат,5
3001,бајач,5
3002,бајка,5
3003,бајче,5
3004,бакал,5
3005,бакар,5
3006,бакне,5
3007,балет,5
3008,балон,5
3009,бамја,5
3010,бамка,5
3011,банда,5
3012,банер,5
3013,банка,5
3014,банов,5
3015,банту,5
3016,банџи,5
3017,бањан,5
3018,бањар,5
3019,бањач,5
3020,бапка,5
3021,бапне,5
3022,бараж,5
3023,барал,5
3024,барач,5
3025,барде,5
3026,барел,5
3027,барем,5
3028,баржа,5
3029,барит,5
3030,барка,5
3031,барок,5
3032,барон,5
3033,барут,5
3034,басен,5
3035,басма,5
3036,басна,5
3037,басов,5
3038,баста,5
3039,батак,5
3040,батал,5
3041,батев,5
3042,батка,5
3043,батко,5
3044,бафер,5
3045,бафта,5
3046,бацил,5
3047,бацка,5
3048,бацко,5
3049,баџин,5
3050,башка,5
3051,бевме,5
3052,бевте,5
3053,бегач,5
3054,бегло,5
3055,бегов,5
3056,бегол,5
3057,бегум,5
3058,бедем,5
3059,беден,5
3060,бедно,5
3061,бедро,5
3062,бежов,5
3063,бекап,5
3064,бекне,5
3065,бекче,5
3066,белег,5
3067,белее,5
3068,белец,5
3069,белка,5
3070,белки,5
3071,белче,5
3072,белчо,5
3073,бељот,5
3074,бемка,5
3075,бемол,5
3076,бенин,5
3077,бенка,5
3078,бенџо,5
3079,берат,5
3080,берач,5
3081,берба,5
3082,берза,5
3083,бесач,5
3084,бесен,5
3085,бесно,5
3086,бетер,5
3087,бетон,5
3088,беќар,5
3089,бечви,5
3090,бибап,5
3091,бибер,5
3092,бивак,5
3093,бивол,5
3094,бивши,5
3095,бигор,5
3096,бидне,5
3097,биење,5
3098,бизон,5
3099,биков,5
3100,билда,5
3101,билен,5
3102,билет,5
3103,билје,5
3104,билка,5
3105,биљур,5
3106,бинго,5
3107,бинек,5
3108,бином,5
3109,бипед,5
3110,бипер,5
3111,бипка,5
3112,бипод,5
3113,бирач,5
3114,бисер,5
3115,биска,5
3116,биста,5
3117,битен,5
3118,битер,5
3119,битие,5
3120,битка,5
3121,битно,5
3122,битов,5
3123,бичим,5
3124,бишка,5
3125,благо,5
3126,блада,5
3127,блажи,5
3128,блазе,5
3129,блато,5
3130,бледи,5
3131,бледо,5
3132,блека,5
3133,ближи,5
3134,близу,5
3135,блика,5
3136,блуза,5
3137,бовча,5
3138,бовче,5
3139,богат,5
3140,бодар,5
3141,бодеж,5
3142,бодер,5
3143,бодне,5
3144,бодри,5
3145,бодро,5
3146,боење,5
3147,божев,5
3148,божем,5
3149,божик,5
3150,божиќ,5
3151,божји,5
3152,божур,5
3153,бозел,5
3154,бозов,5
3155,бозон,5
3156,боица,5
3157,боици,5
3158,бојар,5
3159,бокал,5
3160,болва,5
3161,болен,5
3162,болид,5
3163,болка,5
3164,болно,5
3165,болук,5
3166,бомба,5
3167,бомбе,5
3168,бонго,5
3169,бонус,5
3170,борат,5
3171,борач,5
3172,борба,5
3173,бордо,5
3174,борен,5
3175,борец,5
3176,борик,5
3177,боров,5
3178,борче,5
3179,борчи,5
3180,боска,5
3181,бофор,5
3182,бофча,5
3183,боцка,5
3184,боцне,5
3185,бочва,5
3186,бочве,5
3187,бочен,5
3188,бочно,5
3189,брава,5
3190,браво,5
3191,брада,5
3192,бради,5
3193,брама,5
3194,брана,5
3195,брани,5
3196,браон,5
3197,браќа,5
3198,брбла,5
3199,брбло,5
3200,брбор,5
3201,брева,5
3202,бреве,5
3203,бреза,5
3204,брејк,5
3205,бреме,5
3206,бренд,5
3207,брест,5
3208,бреца,5
3209,брзак,5
3210,брзга,5
3211,брзне,5
3212,бричи,5
3213,брише,5
3214,бркне,5
3215,брлак,5
3216,брлив,5
3217,брлог,5
3218,брмне,5
3219,брмчи,5
3220,броди,5
3221,броен,5
3222,броив,5
3223,брсти,5
3224,брука,5
3225,бруси,5
3226,бруто,5
3227,брцка,5
3228,брцне,5
3229,брчка,5
3230,бубар,5
3231,бубаќ,5
3232,бубин,5
3233,бубне,5
3234,бувне,5
3235,бувта,5
3236,бувче,5
3237,бугар,5
3238,буден,5
3239,будно,5
3240,буица,5
3241,бујак,5
3242,бујат,5
3243,бујно,5
3244,букар,5
3245,буква,5
3246,букет,5
3247,букне,5
3248,буков,5
3249,букот,5
3250,букти,5
3251,булка,5
3252,булук,5
3253,булче,5
3254,буљук,5
3255,бумка,5
3256,бунар,5
3257,бунда,5
3258,бурек,5
3259,бурен,5
3260,бурка,5
3261,бурма,5
3262,бурно,5
3263,бусен,5
3264,бутан,5
3265,бутен,5
3266,бутик,5
3267,бутин,5
3268,бутка,5
3269,бутне,5
3270,бутур,5
3271,буфка,5
3272,буфне,5
3273,буфта,5
3274,буцка,5
3275,буцко,5
3276,буцне,5
3277,бучен,5
3278,бучук,5
3279,буџет,5
3280,бушав,5
3281,бушел,5
3282,бушон,5
3283,ваган,5
3284,вагон,5
3285,вадар,5
3286,важен,5
3287,важно,5
3288,вазал,5
3289,вазна,5
3290,вајан,5
3291,вајар,5
3292,вакат,5
3293,вакаф,5
3294,ваков,5
3295,валан,5
3296,валец,5
3297,валин,5
3298,валка,5
3299,валмо,5
3300,валум,5
3301,валчи,5
3302,вапер,5
3303,вапса,5
3304,вапца,5
3305,варај,5
3306,варан,5
3307,варди,5
3308,варел,5
3309,варен,5
3310,варка,5
3311,варна,5
3312,варов,5
3313,варош,5
3314,вафла,5
3315,вбива,5
3316,вброи,5
3317,вгази,5
3318,вгори,5
3319,вдене,5
3320,вдише,5
3321,вдиши,5
3322,вдолж,5
3323,вдоми,5
3324,вдрви,5
3325,вебер,5
3326,ведар,5
3327,ведин,5
3328,ведне,5
3329,ведно,5
3330,ведри,5
3331,ведро,5
3332,вежба,5
3333,везач,5
3334,везба,5
3335,везен,5
3336,везир,5
3337,везме,5
3338,везмо,5
3339,везув,5
3340,вејач,5
3341,вејка,5
3342,вејне,5
3343,векна,5
3344,векот,5
3345,векум,5
3346,велик,5
3347,велур,5
3348,венее,5
3349,венец,5
3350,венок,5
3351,венча,5
3352,венче,5
3353,вепар,5
3354,верба,5
3355,вергл,5
3356,верен,5
3357,верно,5
3358,весел,5
3359,весла,5
3360,весло,5
3361,весна,5
3362,веспа,5
3363,веста,5
3364,вести,5
3365,ветар,5
3366,ветви,5
3367,ветен,5
3368,ветер,5
3369,ветка,5
3370,ветов,5
3371,ветре,5
3372,ветри,5
3373,вечен,5
3374,вечер,5
3375,вечит,5
3376,вечна,5
3377,вечно,5
3378,вешто,5
3379,вжари,5
3380,вжеже,5
3381,вземи,5
3382,взори,5
3383,вѕида,5
3384,вивка,5
3385,вивне,5
3386,видар,5
3387,виден,5
3388,видео,5
3389,видик,5
3390,видно,5
3391,видра,5
3392,виена,5
3393,визба,5
3394,визен,5
3395,визир,5
3396,визон,5
3397,вијак,5
3398,викар,5
3399,викач,5
3400,викет,5
3401,викло,5
3402,викне,5
3403,викот,5
3404,вилар,5
3405,вилен,5
3406,вилин,5
3407,винар,5
3408,винен,5
3409,винил,5
3410,винов,5
3411,винце,5
3412,вињак,5
3413,виола,5
3414,виори,5
3415,вирее,5
3416,вирус,5
3417,вирче,5
3418,виска,5
3419,виски,5
3420,висне,5
3421,висок,5
3422,витез,5
3423,вител,5
3424,витка,5
3425,витли,5
3426,витло,5
3427,виток,5
3428,витче,5
3429,вишен,5
3430,вишна,5
3431,вишну,5
3432,вишок,5
3433,вишум,5
3434,вјава,5
3435,вјаса,5
3436,вкара,5
3437,вкачи,5
3438,вкове,5
3439,вкопа,5
3440,вкосо,5
3441,вкрст,5
3442,вкуси,5
3443,вкуќи,5
3444,влага,5
3445,влада,5
3446,влажи,5
3447,власт,5
3448,влачи,5
3449,влева,5
3450,влево,5
3451,влезе,5
3452,влепи,5
3453,влета,5
3454,влече,5
3455,влива,5
3456,влице,5
3457,вложи,5
3458,влоши,5
3459,вмеша,5
3460,внесе,5
3461,внука,5
3462,внуче,5
3463,вовед,5
3464,вовре,5
3465,вовче,5
3466,водар,5
3467,водач,5
3468,воден,5
3469,водич,5
3470,возар,5
3471,возач,5
3472,возен,5
3473,војна,5
3474,вокал,5
3475,волан,5
3476,волев,5
3477,волеј,5
3478,волен,5
3479,волја,5
3480,волна,5
3481,волно,5
3482,волов,5
3483,волче,5
3484,волчи,5
3485,вонка,5
3486,воочи,5
3487,вопер,5
3488,восок,5
3489,вотка,5
3490,вотне,5
3491,вошка,5
3492,вошле,5
3493,вошло,5
3494,впери,5
3495,впива,5
3496,впика,5
3497,впише,5
3498,вража,5
3499,вражи,5
3500,врами,5
3501,врана,5
3502,врата,5
3503,врати,5
3504,враќа,5
3505,врачи,5
3506,врбак,5
3507,врбов,5
3508,врвеж,5
3509,врвен,5
3510,врвка,5
3511,врвне,5
3512,врвно,5
3513,врвца,5
3514,врвче,5
3515,вргав,5
3516,вргањ,5
3517,врева,5
3518,вреви,5
3519,вреди,5
3520,вреже,5
3521,врека,5
3522,време,5
3523,вреќа,5
3524,врзан,5
3525,врзма,5
3526,врзол,5
3527,врзоп,5
3528,врзум,5
3529,вриеж,5
3530,врнеж,5
3531,вроди,5
3532,врска,5
3533,вртеж,5
3534,вртка,5
3535,вруќи,5
3536,вруши,5
3537,врцка,5
3538,врцне,5
3539,врчва,5
3540,врчка,5
3541,вршач,5
3542,вршен,5
3543,вршка,5
3544,всади,5
3545,всели,5
3546,всече,5
3547,всоне,5
3548,втаса,5
3549,втера,5
3550,вткае,5
3551,втоне,5
3552,втори,5
3553,второ,5
3554,втрча,5
3555,вудве,5
3556,вујко,5
3557,вујна,5
3558,вујче,5
3559,вутри,5
3560,вуфер,5
3561,вцица,5
3562,вцрви,5
3563,вчади,5
3564,вчапи,5
3565,вчера,5
3566,вчита,5
3567,вчури,5
3568,вџаши,5
3569,вшива,5
3570,габер,5
3571,габон,5
3572,габор,5
3573,гаваз,5
3574,гаден,5
3575,гадно,5
3576,гаѓач,5
3577,газда,5
3578,газен,5
3579,газер,5
3580,газло,5
3581,гајба,5
3582,гајда,5
3583,гајле,5
3584,гакне,5
3585,галеб,5
3586,галеж,5
3587,гален,5
3588,галка,5
3589,галне,5
3590,галон,5
3591,галоп,5
3592,гарда,5
3593,гасен,5
3594,гасне,5
3595,гатач,5
3596,гатка,5
3597,гаќар,5
3598,гаќат,5
3599,гауда,5
3600,гаучо,5
3601,гачка,5
3602,гаџет,5
3603,гашти,5
3604,гвинт,5
3605,гегав,5
3606,гејша,5
3607,гениј,5
3608,геном,5
3609,гепек,5
3610,герој,5
3611,гесло,5
3612,гибач,5
3613,гибел,5
3614,гибне,5
3615,гибон,5
3616,гидан,5
3617,гизди,5
3618,гинее,5
3619,гинеж,5
3620,гинко,5
3621,гитла,5
3622,глава,5
3623,глави,5
3624,гланц,5
3625,гласа,5
3626,гласи,5
3627,глауч,5
3628,гледа,5
3629,глето,5
3630,глина,5
3631,глоба,5
3632,глоби,5
3633,глода,5
3634,глоѓе,5
3635,глоса,5
3636,глуво,5
3637,глужд,5
3638,глума,5
3639,глуми,5
3640,глуши,5
3641,гмечи,5
3642,гнаса,5
3643,гнаси,5
3644,гневи,5
3645,гнете,5
3646,гнечи,5
3647,гнида,5
3648,гниеж,5
3649,гноен,5
3650,гнома,5
3651,гњави,5
3652,говор,5
3653,годен,5
3654,гозба,5
3655,голак,5
3656,голее,5
3657,голем,5
3658,голет,5
3659,голец,5
3660,голич,5
3661,голта,5
3662,голчо,5
3663,гонач,5
3664,гордо,5
3665,горен,5
3666,горко,5
3667,горни,5
3668,горок,5
3669,горум,5
3670,горчи,5
3671,госје,5
3672,гости,5
3673,готви,5
3674,готов,5
3675,граба,5
3676,граби,5
3677,града,5
3678,гради,5
3679,граѓа,5
3680,грака,5
3681,граор,5
3682,грапа,5
3683,графа,5
3684,графт,5
3685,грачи,5
3686,грбав,5
3687,грбач,5
3688,грбен,5
3689,грбло,5
3690,грбно,5
3691,гргал,5
3692,гргеч,5
3693,гргне,5
3694,гргор,5
3695,гргот,5
3696,гребе,5
3697,греда,5
3698,греде,5
3699,греди,5
3700,греен,5
3701,греши,5
3702,грива,5
3703,грижа,5
3704,гризе,5
3705,гркне,5
3706,грлат,5
3707,грлен,5
3708,грлце,5
3709,грмеж,5
3710,грмне,5
3711,грнец,5
3712,грнче,5
3713,гроги,5
3714,гроза,5
3715,грозд,5
3716,грози,5
3717,грото,5
3718,грпка,5
3719,грпче,5
3720,грсти,5
3721,груби,5
3722,грубо,5
3723,група,5
3724,грчки,5
3725,гуава,5
3726,гувее,5
3727,гувче,5
3728,гугла,5
3729,гугне,5
3730,гудач,5
3731,гужва,5
3732,гукне,5
3733,гулаб,5
3734,гулаг,5
3735,гулаш,5
3736,гумар,5
3737,гумен,5
3738,гумно,5
3739,гунче,5
3740,гусак,5
3741,гусар,5
3742,гусен,5
3743,гуска,5
3744,гусла,5
3745,гусли,5
3746,густо,5
3747,гусче,5
3748,гушав,5
3749,гушка,5
3750,гушне,5
3751,дабар,5
3752,дабов,5
3753,давач,5
3754,давеж,5
3755,даден,5
3756,дажба,5
3757,дајре,5
3758,дакар,5
3759,далга,5
3760,далек,5
3761,дален,5
3762,далеч,5
3763,дамар,5
3764,дамбо,5
3765,дамин,5
3766,дамка,5
3767,дамла,5
3768,дамна,5
3769,данец,5
3770,данка,5
3771,данок,5
3772,дапче,5
3773,дарба,5
3774,даска,5
3775,датив,5
3776,датум,5
3777,двама,5
3778,двата,5
3779,двери,5
3780,двете,5
3781,движи,5
3782,двоен,5
3783,двоец,5
3784,двоок,5
3785,двори,5
3786,дебел,5
3787,дебил,5
3788,дебне,5
3789,девер,5
3790,девет,5
3791,деген,5
3792,дедин,5
3793,дедов,5
3794,дезен,5
3795,дејди,5
3796,дејка,5
3797,дејче,5
3798,декан,5
3799,декар,5
3800,декор,5
3801,делач,5
3802,делба,5
3803,делен,5
3804,делив,5
3805,делка,5
3806,делне,5
3807,делта,5
3808,делум,5
3809,делфи,5
3810,делче,5
3811,демек,5
3812,демир,5
3813,демне,5
3814,демон,5
3815,демос,5
3816,денар,5
3817,денес,5
3818,дента,5
3819,дерби,5
3820,дерле,5
3821,дерма,5
3822,десен,5
3823,десет,5
3824,десно,5
3825,детал,5
3826,детаљ,5
3827,дечар,5
3828,дечко,5
3829,дибек,5
3830,диван,5
3831,дивее,5
3832,дивеч,5
3833,дигач,5
3834,дигит,5
3835,дигне,5
3836,диета,5
3837,дизел,5
3838,дизна,5
3839,дијак,5
3840,дикат,5
3841,дикел,5
3842,дилер,5
3843,димен,5
3844,димер,5
3845,димии,5
3846,динар,5
3847,динго,5
3848,динка,5
3849,динче,5
3850,диода,5
3851,дипла,5
3852,дипли,5
3853,дипол,5
3854,дирек,5
3855,диско,5
3856,диџеј,5
3857,дишен,5
3858,длаби,5
3859,длака,5
3860,длето,5
3861,доаби,5
3862,доаѓа,5
3863,доака,5
3864,добае,5
3865,добар,5
3866,добие,5
3867,добои,5
3868,добра,5
3869,добро,5
3870,довде,5
3871,довее,5
3872,довек,5
3873,довие,5
3874,довик,5
3875,довод,5
3876,довоз,5
3877,догма,5
3878,додее,5
3879,додои,5
3880,дожде,5
3881,дожди,5
3882,дозна,5
3883,доима,5
3884,доита,5
3885,дојде,5
3886,дојка,5
3887,доказ,5
3888,докај,5
3889,докуп,5
3890,долае,5
3891,долап,5
3892,долар,5
3893,долби,5
3894,долго,5
3895,долее,5
3896,долен,5
3897,долет,5
3898,должи,5
3899,долма,5
3900,долни,5
3901,долче,5
3902,домар,5
3903,домат,5
3904,домен,5
3905,домет,5
3906,домец,5
3907,домие,5
3908,донде,5
3909,донор,5
3910,дооди,5
3911,доора,5
3912,допее,5
3913,допие,5
3914,допир,5
3915,допис,5
3916,допре,5
3917,дорат,5
3918,дорие,5
3919,дорчо,5
3920,досег,5
3921,досее,5
3922,досие,5
3923,доста,5
3924,дотек,5
3925,дотка,5
3926,доток,5
3927,дотур,5
3928,доучи,5
3929,дофат,5
3930,доход,5
3931,доцен,5
3932,доцна,5
3933,доцни,5
3934,доцно,5
3935,дочек,5
3936,дочуе,5
3937,дошие,5
3938,драга,5
3939,драги,5
3940,драго,5
3941,драма,5
3942,драпа,5
3943,драфт,5
3944,дрвар,5
3945,дрвен,5
3946,дрвце,5
3947,дреар,5
3948,дреме,5
3949,дречи,5
3950,држач,5
3951,дрзок,5
3952,дрмка,5
3953,дрмне,5
3954,дрмон,5
3955,дрнда,5
3956,дрнка,5
3957,дроби,5
3958,дрога,5
3959,дрозд,5
3960,дрочи,5
3961,дрпав,5
3962,дрпне,5
3963,дрска,5
3964,дрско,5
3965,дрсло,5
3966,дрсне,5
3967,дртав,5
3968,дртее,5
3969,дртла,5
3970,друго,5
3971,друже,5
3972,дружи,5
3973,друзи,5
3974,друка,5
3975,дрчен,5
3976,дршка,5
3977,дуван,5
3978,дувар,5
3979,дувач,5
3980,дувка,5
3981,дувло,5
3982,дувне,5
3983,дудук,5
3984,дуена,5
3985,дукат,5
3986,дулак,5
3987,дулец,5
3988,дулум,5
3989,думан,5
3990,думка,5
3991,дупка,5
3992,дупли,5
3993,дупло,5
3994,дупне,5
3995,дупче,5
3996,дупчи,5
3997,дурла,5
3998,дурло,5
3999,дурум,5
4000,дуќан,5
4001,душек,5
4002,душен,5
4003,душка,5
4004,ѓавол,5
4005,ѓакон,5
4006,ѓезве,5
4007,ѓериз,5
4008,ѓубре,5
4009,ѓубри,5
4010,ѓувеч,5
4011,ѓузел,5
4012,ебола,5
4013,евала,5
4014,евзон,5
4015,евнух,5
4016,евтин,5
4017,егеец,5
4018,егзил,5
4019,егиди,5
4020,едвај,5
4021,едвам,5
4022,едема,5
4023,едикт,5
4024,еднаш,5
4025,езеро,5
4026,езуит,5
4027,екипа,5
4028,еклер,5
4029,екоти,5
4030,екран,5
4031,ексик,5
4032,експо,5
4033,елате,5
4034,елиса,5
4035,елита,5
4036,емајл,5
4037,емпат,5
4038,ендек,5
4039,ензим,5
4040,ентер,5
4041,еозин,5
4042,еолит,5
4043,еоцен,5
4044,епарх,5
4045,епика,5
4046,епоха,5
4047,епски,5
4048,ептен,5
4049,ерато,5
4050,ербап,5
4051,ерген,5
4052,еркер,5
4053,есапи,5
4054,еским,5
4055,еснаф,5
4056,етапа,5
4057,етида,5
4058,етика,5
4059,етник,5
4060,ефект,5
4061,жабар,5
4062,жабец,5
4063,жабин,5
4064,жабји,5
4065,жабок,5
4066,жабор,5
4067,жабра,5
4068,жагор,5
4069,жакет,5
4070,жалба,5
4071,жалее,5
4072,жален,5
4073,жалит,5
4074,жално,5
4075,жапка,5
4076,жапче,5
4077,жарче,5
4078,жбара,5
4079,жвака,5
4080,ждрал,5
4081,ждреб,5
4082,жегне,5
4083,жегол,5
4084,жеден,5
4085,жежне,5
4086,жежок,5
4087,жезол,5
4088,желад,5
4089,желба,5
4090,желен,5
4091,желка,5
4092,желно,5
4093,желуд,5
4094,желче,5
4095,женин,5
4096,женка,5
4097,женче,5
4098,жерав,5
4099,жести,5
4100,жетва,5
4101,жетон,5
4102,жешко,5
4103,живее,5
4104,живец,5
4105,живин,5
4106,живне,5
4107,живот,5
4108,жижне,5
4109,жилав,5
4110,жилет,5
4111,жилка,5
4112,житар,5
4113,жител,5
4114,житен,5
4115,житие,5
4116,жичен,5
4117,жичка,5
4118,жишка,5
4119,жишне,5
4120,жлеби,5
4121,жнеар,5
4122,жолти,5
4123,жолто,5
4124,жребе,5
4125,жртва,5
4126,жубор,5
4127,жугне,5
4128,жулав,5
4129,жулне,5
4130,жупан,5
4131,журка,5
4132,журне,5
4133,заака,5
4134,забае,5
4135,забар,5
4136,забен,5
4137,забец,5
4138,забие,5
4139,забит,5
4140,забла,5
4141,забло,5
4142,забои,5
4143,завал,5
4144,завее,5
4145,завек,5
4146,завет,5
4147,завие,5
4148,завод,5
4149,завој,5
4150,загар,5
4151,заден,5
4152,задои,5
4153,задре,5
4154,задув,5
4155,задуф,5
4156,заечи,5
4157,зазор,5
4158,зазуи,5
4159,заиде,5
4160,заика,5
4161,заима,5
4162,заита,5
4163,зајак,5
4164,зајде,5
4165,зајко,5
4166,зајми,5
4167,зајре,5
4168,зајче,5
4169,закон,5
4170,закоп,5
4171,закуп,5
4172,залак,5
4173,залее,5
4174,залез,5
4175,залет,5
4176,залив,5
4177,залие,5
4178,залог,5
4179,залои,5
4180,залче,5
4181,замав,5
4182,замае,5
4183,заман,5
4184,замес,5
4185,замет,5
4186,замие,5
4187,замин,5
4188,замка,5
4189,замок,5
4190,замор,5
4191,замре,5
4192,занат,5
4193,занес,5
4194,заоди,5
4195,заоѓа,5
4196,заора,5
4197,запад,5
4198,запал,5
4199,запее,5
4200,запек,5
4201,запие,5
4202,запис,5
4203,запне,5
4204,запре,5
4205,запче,5
4206,заран,5
4207,зарез,5
4208,зарек,5
4209,зарем,5
4210,зарие,5
4211,засее,5
4212,засек,5
4213,затаи,5
4214,затка,5
4215,затне,5
4216,затоа,5
4217,затре,5
4218,зауми,5
4219,заучи,5
4220,зафат,5
4221,зачас,5
4222,зачин,5
4223,зачне,5
4224,зашие,5
4225,зашто,5
4226,збере,5
4227,збива,5
4228,збиен,5
4229,збира,5
4230,збори,5
4231,збрка,5
4232,збрца,5
4233,збрчи,5
4234,збуни,5
4235,збута,5
4236,збуца,5
4237,збучи,5
4238,збуши,5
4239,звање,5
4240,звучи,5
4241,згази,5
4242,згине,5
4243,зглоб,5
4244,згние,5
4245,згода,5
4246,згоди,5
4247,згоѓа,5
4248,згоен,5
4249,згони,5
4250,згора,5
4251,згрби,5
4252,згрее,5
4253,згрми,5
4254,згрне,5
4255,згрчи,5
4256,згура,5
4257,згуши,5
4258,здави,5
4259,здиви,5
4260,здими,5
4261,здола,5
4262,здоми,5
4263,здрав,5
4264,здрви,5
4265,здува,5
4266,здуши,5
4267,зебра,5
4268,зезне,5
4269,зејка,5
4270,зелен,5
4271,зелје,5
4272,зелка,5
4273,земен,5
4274,земја,5
4275,зенит,5
4276,зетко,5
4277,зетов,5
4278,зефир,5
4279,зигот,5
4280,зијан,5
4281,зимен,5
4282,зинат,5
4283,зихер,5
4284,зицер,5
4285,зјапа,5
4286,злати,5
4287,злато,5
4288,злоба,5
4289,злоби,5
4290,злост,5
4291,змиин,5
4292,змија,5
4293,знаен,5
4294,знаме,5
4295,значи,5
4296,зобан,5
4297,зобне,5
4298,золва,5
4299,зомби,5
4300,зорле,5
4301,зорум,5
4302,зошто,5
4303,зраче,5
4304,зрачи,5
4305,зрнен,5
4306,зрнце,5
4307,зулум,5
4308,зурла,5
4309,зуцне,5
4310,ѕвере,5
4311,ѕвечи,5
4312,ѕвони,5
4313,ѕвоно,5
4314,ѕемне,5
4315,ѕенѕа,5
4316,ѕивра,5
4317,ѕиври,5
4318,ѕидар,5
4319,ѕиден,5
4320,ѕирка,5
4321,ѕирне,5
4322,ѕитче,5
4323,ѕрцки,5
4324,ибери,5
4325,ибрик,5
4326,иглар,5
4327,иглен,5
4328,играч,5
4329,игрив,5
4330,идеал,5
4331,идеен,5
4332,идеја,5
4333,идила,5
4334,идиом,5
4335,идиот,5
4336,изаби,5
4337,избие,5
4338,избои,5
4339,избор,5
4340,извее,5
4341,извив,5
4342,извие,5
4343,извик,5
4344,извод,5
4345,извоз,5
4346,извор,5
4347,изгор,5
4348,издив,5
4349,изеде,5
4350,изжни,5
4351,излае,5
4352,излее,5
4353,излез,5
4354,излет,5
4355,излив,5
4356,излие,5
4357,излог,5
4358,измет,5
4359,измие,5
4360,износ,5
4361,изоди,5
4362,изора,5
4363,израз,5
4364,изрез,5
4365,изрие,5
4366,изрод,5
4367,изрои,5
4368,изуми,5
4369,изучи,5
4370,икона,5
4371,илика,5
4372,имање,5
4373,имејл,5
4374,имела,5
4375,имено,5
4376,инает,5
4377,инаку,5
4378,инуит,5
4379,инчун,5
4380,ирвас,5
4381,исева,5
4382,иседи,5
4383,исели,5
4384,исече,5
4385,исипе,5
4386,исказ,5
4387,искап,5
4388,искон,5
4389,ископ,5
4390,искра,5
4391,искри,5
4392,искуп,5
4393,ислам,5
4394,исмее,5
4395,испад,5
4396,испее,5
4397,испие,5
4398,испис,5
4399,испит,5
4400,исрка,5
4401,истап,5
4402,истек,5
4403,истои,5
4404,исток,5
4405,истур,5
4406,исука,5
4407,исуче,5
4408,исуши,5
4409,исход,5
4410,исшие,5
4411,итрец,5
4412,ифрит,5
4413,ифтар,5
4414,ишала,5
4415,ишара,5
4416,ишари,5
4417,иштав,5
4418,иштар,5
4419,јавач,5
4420,јаваш,5
4421,јавен,5
4422,јавка,5
4423,јавне,5
4424,јавно,5
4425,јавор,5
4426,јагма,5
4427,јагне,5
4428,јагни,5
4429,јадар,5
4430,јадач,5
4431,јадеж,5
4432,јаден,5
4433,јадец,5
4434,јадно,5
4435,јадро,5
4436,јажар,5
4437,јазак,5
4438,јазач,5
4439,јазди,5
4440,јазик,5
4441,јазол,5
4442,јајце,5
4443,јакна,5
4444,јакне,5
4445,јалов,5
4446,јамка,5
4447,јанѕа,5
4448,јарем,5
4449,јарец,5
4450,јарка,5
4451,јасен,5
4452,јаска,5
4453,јасли,5
4454,јасни,5
4455,јасно,5
4456,јатак,5
4457,јатка,5
4458,јахта,5
4459,јидиш,5
4460,јодла,5
4461,јонџа,5
4462,јужен,5
4463,јунак,5
4464,јунец,5
4465,јунко,5
4466,јунче,5
4467,јуриш,5
4468,јурне,5
4469,јурта,5
4470,јурук,5
4471,јуфка,5
4472,кабел,5
4473,кабил,5
4474,кабли,5
4475,кавал,5
4476,кавга,5
4477,кадар,5
4478,кадач,5
4479,кадеж,5
4480,кадра,5
4481,кадри,5
4482,кадро,5
4483,каење,5
4484,казан,5
4485,казна,5
4486,казни,5
4487,кајак,5
4488,кајче,5
4489,какан,5
4490,какао,5
4491,каква,5
4492,каков,5
4493,какол,5
4494,калај,5
4495,калап,5
4496,калем,5
4497,кален,5
4498,калеш,5
4499,калиф,5
4500,калфа,5
4501,калца,5
4502,камен,5
4503,камин,5
4504,камче,5
4505,канал,5
4506,канап,5
4507,канат,5
4508,канач,5
4509,канон,5
4510,канта,5
4511,канче,5
4512,канџа,5
4513,кањон,5
4514,капак,5
4515,капар,5
4516,капач,5
4517,капка,5
4518,капне,5
4519,капут,5
4520,капче,5
4521,карат,5
4522,караш,5
4523,карго,5
4524,карма,5
4525,карпа,5
4526,карст,5
4527,карта,5
4528,карши,5
4529,касај,5
4530,касап,5
4531,каска,5
4532,каско,5
4533,касне,5
4534,касни,5
4535,касно,5
4536,каста,5
4537,катен,5
4538,катиљ,5
4539,катче,5
4540,кауза,5
4541,каури,5
4542,кафез,5
4543,кафен,5
4544,кафиќ,5
4545,кацар,5
4546,качак,5
4547,качар,5
4548,кашав,5
4549,кашла,5
4550,квака,5
4551,квант,5
4552,кварк,5
4553,кварт,5
4554,кварц,5
4555,кваси,5
4556,квачи,5
4557,квичи,5
4558,квота,5
4559,кебап,5
4560,кегла,5
4561,кедар,5
4562,келав,5
4563,келеш,5
4564,кендо,5
4565,кенеф,5
4566,кенка,5
4567,кеопс,5
4568,кепец,5
4569,кепче,5
4570,кесон,5
4571,кетен,5
4572,кетон,5
4573,кефир,5
4574,кечап,5
4575,кечер,5
4576,кибуц,5
4577,кивка,5
4578,кивне,5
4579,кидне,5
4580,кикот,5
4581,килав,5
4582,килер,5
4583,килим,5
4584,килце,5
4585,кимка,5
4586,кимне,5
4587,кинез,5
4588,кинин,5
4589,киноа,5
4590,киоск,5
4591,кипер,5
4592,кипри,5
4593,кирка,5
4594,кисел,5
4595,киска,5
4596,кисне,5
4597,киста,5
4598,китаб,5
4599,китен,5
4600,китин,5
4601,китка,5
4602,китки,5
4603,китче,5
4604,кифла,5
4605,кицош,5
4606,кичер,5
4607,кичур,5
4608,клава,5
4609,клада,5
4610,кладе,5
4611,клапа,5
4612,класа,5
4613,класи,5
4614,клати,5
4615,клека,5
4616,клема,5
4617,клепа,5
4618,клеца,5
4619,клечи,5
4620,клечо,5
4621,клика,5
4622,клима,5
4623,клинч,5
4624,клица,5
4625,клише,5
4626,кловн,5
4627,клони,5
4628,клопа,5
4629,клоца,5
4630,клука,5
4631,клупа,5
4632,клуче,5
4633,кмека,5
4634,книга,5
4635,книже,5
4636,книжи,5
4637,коала,5
4638,кобеж,5
4639,кобел,5
4640,кобен,5
4641,кобец,5
4642,кобра,5
4643,кован,5
4644,ковач,5
4645,ковен,5
4646,ковне,5
4647,ковче,5
4648,кодек,5
4649,кодош,5
4650,кожар,5
4651,кожен,5
4652,кожув,5
4653,козав,5
4654,козак,5
4655,козар,5
4656,козер,5
4657,козји,5
4658,козле,5
4659,којот,5
4660,кокал,5
4661,кокер,5
4662,кокос,5
4663,колаж,5
4664,колај,5
4665,колан,5
4666,колар,5
4667,колач,5
4668,колба,5
4669,колва,5
4670,колве,5
4671,колец,5
4672,колеџ,5
4673,колку,5
4674,колне,5
4675,колор,5
4676,колос,5
4677,колут,5
4678,колце,5
4679,колче,5
4680,комај,5
4681,комар,5
4682,комат,5
4683,комбе,5
4684,комби,5
4685,комов,5
4686,конак,5
4687,конга,5
4688,конго,5
4689,конец,5
4690,коноп,5
4691,конте,5
4692,конти,5
4693,конто,5
4694,конус,5
4695,конче,5
4696,коњар,5
4697,коњов,5
4698,коњче,5
4699,копал,5
4700,копан,5
4701,копар,5
4702,копач,5
4703,копје,5
4704,копка,5
4705,копни,5
4706,копно,5
4707,копук,5
4708,копче,5
4709,кораб,5
4710,корав,5
4711,корал,5
4712,коран,5
4713,корен,5
4714,корзо,5
4715,корка,5
4716,корне,5
4717,корпа,5
4718,корче,5
4719,косар,5
4720,косач,5
4721,косеж,5
4722,косел,5
4723,косир,5
4724,коска,5
4725,косма,5
4726,косми,5
4727,косне,5
4728,косор,5
4729,котар,5
4730,котва,5
4731,котел,5
4732,котка,5
4733,котле,5
4734,коцка,5
4735,кочан,5
4736,кошер,5
4737,кошка,5
4738,кошне,5
4739,кошта,5
4740,краба,5
4741,крава,5
4742,краде,5
4743,краен,5
4744,краси,5
4745,крати,5
4746,краул,5
4747,краче,5
4748,крвав,5
4749,крвен,5
4750,крвно,5
4751,крвца,5
4752,крвче,5
4753,крдар,5
4754,крева,5
4755,креда,5
4756,кредо,5
4757,крека,5
4758,крема,5
4759,крене,5
4760,крепи,5
4761,крзно,5
4762,крива,5
4763,криви,5
4764,криво,5
4765,криза,5
4766,крика,5
4767,крили,5
4768,крило,5
4769,кркач,5
4770,кркма,5
4771,кркне,5
4772,кркор,5
4773,кркуш,5
4774,крлеж,5
4775,крлук,5
4776,крмак,5
4777,крмар,5
4778,кроеж,5
4779,кроки,5
4780,кроти,5
4781,кроце,5
4782,кроше,5
4783,крпач,5
4784,крпеж,5
4785,крпче,5
4786,крсти,5
4787,кружи,5
4788,круна,5
4789,крупа,5
4790,круша,5
4791,крцка,5
4792,крцне,5
4793,крчка,5
4794,крчма,5
4795,крчми,5
4796,кршен,5
4797,кршка,5
4798,кршне,5
4799,кубен,5
4800,кубик,5
4801,кубит,5
4802,кубне,5
4803,кувет,5
4804,кугла,5
4805,кудач,5
4806,кујна,5
4807,кукал,5
4808,кукла,5
4809,кукле,5
4810,кукне,5
4811,куков,5
4812,кулак,5
4813,кулен,5
4814,кулук,5
4815,кумин,5
4816,кумов,5
4817,кумче,5
4818,купен,5
4819,купец,5
4820,купон,5
4821,купче,5
4822,купчи,5
4823,кураж,5
4824,курир,5
4825,куско,5
4826,кусле,5
4827,кусок,5
4828,кусур,5
4829,кутар,5
4830,кутер,5
4831,кутка,5
4832,кутне,5
4833,кутра,5
4834,кутре,5
4835,кутри,5
4836,кутро,5
4837,куќен,5
4838,куфер,5
4839,куцка,5
4840,куцне,5
4841,кучка,5
4842,кушет,5
4843,лабав,5
4844,лабед,5
4845,лавеж,5
4846,лавне,5
4847,лавор,5
4848,лавра,5
4849,лавче,5
4850,лагер,5
4851,ладен,5
4852,ладна,5
4853,ладно,5
4854,лаѓар,5
4855,лажач,5
4856,лажга,5
4857,лажго,5
4858,лажен,5
4859,лажец,5
4860,лажла,5
4861,лажло,5
4862,лажно,5
4863,лазач,5
4864,лазур,5
4865,лајач,5
4866,лајче,5
4867,лакеј,5
4868,лаком,5
4869,лакот,5
4870,лакте,5
4871,ламба,5
4872,ламја,5
4873,лампа,5
4874,ланец,5
4875,ланче,5
4876,лапач,5
4877,лапка,5
4878,лапне,5
4879,ларва,5
4880,ларго,5
4881,ласер,5
4882,ласка,5
4883,ласне,5
4884,латин,5
4885,лаута,5
4886,лебар,5
4887,лебди,5
4888,лебед,5
4889,лебен,5
4890,левак,5
4891,легач,5
4892,леген,5
4893,легло,5
4894,легне,5
4895,леден,5
4896,леѓен,5
4897,лезет,5
4898,лејка,5
4899,лекар,5
4900,лелек,5
4901,лемур,5
4902,ленен,5
4903,ленир,5
4904,лента,5
4905,лењир,5
4906,лепак,5
4907,лепне,5
4908,лепра,5
4909,лепче,5
4910,лесен,5
4911,леска,5
4912,лесно,5
4913,летач,5
4914,летва,5
4915,летен,5
4916,летка,5
4917,летне,5
4918,леток,5
4919,ливче,5
4920,лигав,5
4921,лигаш,5
4922,лигла,5
4923,лигле,5
4924,лигња,5
4925,лигуш,5
4926,лидер,5
4927,лизга,5
4928,лизне,5
4929,ликер,5
4930,ликра,5
4931,лилав,5
4932,лимар,5
4933,лимен,5
4934,лимит,5
4935,лимон,5
4936,лимфа,5
4937,липид,5
4938,липов,5
4939,липом,5
4940,липса,5
4941,липта,5
4942,лирик,5
4943,лисец,5
4944,лисје,5
4945,лиска,5
4946,листа,5
4947,листи,5
4948,литар,5
4949,литро,5
4950,лихва,5
4951,лицка,5
4952,личен,5
4953,лично,5
4954,лиџба,5
4955,лишав,5
4956,лишај,5
4957,лишен,5
4958,ловач,5
4959,ловен,5
4960,ловец,5
4961,ловор,5
4962,логор,5
4963,лозар,5
4964,лозен,5
4965,лозје,5
4966,лозов,5
4967,локал,5
4968,локач,5
4969,локва,5
4970,локна,5
4971,локне,5
4972,локум,5
4973,ломот,5
4974,лонец,5
4975,лонче,5
4976,лопен,5
4977,лосос,5
4978,лотка,5
4979,лотос,5
4980,лочка,5
4981,лошко,5
4982,лудак,5
4983,лузер,5
4984,лузна,5
4985,лукав,5
4986,луков,5
4987,лулее,5
4988,лулка,5
4989,лумен,5
4990,лунѕа,5
4991,лупка,5
4992,лупне,5
4993,лушпа,5
4994,лушти,5
4995,љубен,5
4996,љубим,5
4997,љубов,5
4998,маало,5
4999,маана,5
5000,мавне,5
5001,мавта,5
5002,магла,5
5003,магма,5
5004,мадам,5
5005,мадро,5
5006,мажов,5
5007,мазга,5
5008,мазен,5
5009,мазни,5
5010,мазно,5
5011,мазут,5
5012,маица,5
5013,мајка,5
5014,мајор,5
5015,мајче,5
5016,макар,5
5017,макне,5
5018,маков,5
5019,малер,5
5020,малку,5
5021,малце,5
5022,мамба,5
5023,мамбо,5
5024,мамеж,5
5025,мамец,5
5026,мамин,5
5027,мамка,5
5028,мамут,5
5029,манир,5
5030,манта,5
5031,манџа,5
5032,маржа,5
5033,марка,5
5034,масен,5
5035,масер,5
5036,масив,5
5037,маска,5
5038,масло,5
5039,масон,5
5040,масти,5
5041,матач,5
5042,матен,5
5043,матка,5
5044,матно,5
5045,маток,5
5046,матув,5
5047,маќеа,5
5048,мафин,5
5049,махер,5
5050,мацне,5
5051,мачен,5
5052,мачји,5
5053,мачка,5
5054,мачно,5
5055,мачор,5
5056,маџун,5
5057,машки,5
5058,машко,5
5059,машна,5
5060,меана,5
5061,мебел,5
5062,мевце,5
5063,медал,5
5064,медар,5
5065,меден,5
5066,медиј,5
5067,меѓен,5
5068,мекам,5
5069,мекне,5
5070,мекуш,5
5071,мелез,5
5072,мелем,5
5073,мелос,5
5074,мемла,5
5075,менза,5
5076,мента,5
5077,мерак,5
5078,мерач,5
5079,мерен,5
5080,мерка,5
5081,месар,5
5082,месач,5
5083,месен,5
5084,месец,5
5085,месје,5
5086,мести,5
5087,место,5
5088,метал,5
5089,метан,5
5090,метар,5
5091,метач,5
5092,метеж,5
5093,метил,5
5094,метка,5
5095,метла,5
5096,метле,5
5097,метод,5
5098,метри,5
5099,метро,5
5100,мечка,5
5101,мечок,5
5102,мечта,5
5103,мешан,5
5104,мешач,5
5105,мешка,5
5106,мешко,5
5107,мешле,5
5108,мешло,5
5109,мивка,5
5110,мигум,5
5111,мијач,5
5112,микса,5
5113,милее,5
5114,милја,5
5115,милум,5
5116,минат,5
5117,минер,5
5118,минус,5
5119,мињон,5
5120,мираз,5
5121,мирба,5
5122,мирен,5
5123,мирис,5
5124,мирно,5
5125,мисир,5
5126,мисла,5
5127,мисли,5
5128,мишка,5
5129,мјаук,5
5130,младо,5
5131,млака,5
5132,млачи,5
5133,млеко,5
5134,многу,5
5135,множи,5
5136,мовче,5
5137,модар,5
5138,модел,5
5139,модем,5
5140,моден,5
5141,модри,5
5142,модул,5
5143,модус,5
5144,можен,5
5145,можно,5
5146,мозга,5
5147,мозок,5
5148,мозол,5
5149,моите,5
5150,мокар,5
5151,мокри,5
5152,молба,5
5153,молер,5
5154,молец,5
5155,молзе,5
5156,молив,5
5157,молња,5
5158,молто,5
5159,молчи,5
5160,момин,5
5161,момок,5
5162,момче,5
5163,монах,5
5164,моном,5
5165,мопед,5
5166,морав,5
5167,морал,5
5168,морон,5
5169,морфо,5
5170,мотач,5
5171,мотел,5
5172,мотив,5
5173,мотор,5
5174,моќен,5
5175,моќно,5
5176,мохер,5
5177,мошне,5
5178,мошти,5
5179,мрази,5
5180,мрачи,5
5181,мрвка,5
5182,мрвче,5
5183,мрдне,5
5184,мрежа,5
5185,мрежи,5
5186,мрена,5
5187,мрест,5
5188,мрзла,5
5189,мрзло,5
5190,мрзне,5
5191,мрмор,5
5192,мрмот,5
5193,мрсен,5
5194,мрсно,5
5195,мртви,5
5196,мртво,5
5197,мртов,5
5198,мувла,5
5199,мугра,5
5200,мудар,5
5201,мудра,5
5202,мудро,5
5203,музеј,5
5204,мумла,5
5205,мурал,5
5206,мурџо,5
5207,мусли,5
5208,мутав,5
5209,мутер,5
5210,муфте,5
5211,муцка,5
5212,мушка,5
5213,мушне,5
5214,набои,5
5215,набој,5
5216,набор,5
5217,набуи,5
5218,навев,5
5219,навее,5
5220,навек,5
5221,навие,5
5222,навик,5
5223,навод,5
5224,навој,5
5225,нагло,5
5226,нагол,5
5227,нагон,5
5228,надве,5
5229,надеж,5
5230,надои,5
5231,надуе,5
5232,назад,5
5233,назив,5
5234,наѕре,5
5235,наива,5
5236,наиде,5
5237,најде,5
5238,најми,5
5239,накај,5
5240,накит,5
5241,накот,5
5242,накуп,5
5243,налее,5
5244,налет,5
5245,налик,5
5246,налог,5
5247,намаз,5
5248,намет,5
5249,намиг,5
5250,намин,5
5251,нанос,5
5252,наоѓа,5
5253,наора,5
5254,напад,5
5255,напев,5
5256,напие,5
5257,напис,5
5258,напне,5
5259,напои,5
5260,напон,5
5261,напор,5
5262,нарав,5
5263,народ,5
5264,насад,5
5265,насее,5
5266,насип,5
5267,насит,5
5268,насон,5
5269,насто,5
5270,наука,5
5271,науми,5
5272,научи,5
5273,нафта,5
5274,нацрт,5
5275,начас,5
5276,начек,5
5277,начин,5
5278,начне,5
5279,нашие,5
5280,нашки,5
5281,невен,5
5282,невин,5
5283,негде,5
5284,негов,5
5285,нежен,5
5286,нежив,5
5287,нежно,5
5288,нејак,5
5289,нејзе,5
5290,нејна,5
5291,нејсе,5
5292,нејќе,5
5293,некни,5
5294,некња,5
5295,некој,5
5296,немил,5
5297,немир,5
5298,немоќ,5
5299,непце,5
5300,неред,5
5301,нерез,5
5302,нефер,5
5303,нецел,5
5304,нечиј,5
5305,нешто,5
5306,нивен,5
5307,нивче,5
5308,нигде,5
5309,нижач,5
5310,низок,5
5311,никел,5
5312,никне,5
5313,никој,5
5314,нимфа,5
5315,нинџа,5
5316,ниско,5
5317,нитка,5
5318,нитна,5
5319,ничие,5
5320,ничии,5
5321,ничиј,5
5322,нишан,5
5323,нишка,5
5324,нишне,5
5325,ништи,5
5326,ништо,5
5327,нобел,5
5328,новак,5
5329,новка,5
5330,новко,5
5331,ножар,5
5332,ножен,5
5333,нокот,5
5334,нокте,5
5335,номад,5
5336,номер,5
5337,нонет,5
5338,норка,5
5339,норма,5
5340,носач,5
5341,носен,5
5342,носив,5
5343,носле,5
5344,носло,5
5345,носов,5
5346,нотар,5
5347,нотен,5
5348,нотес,5
5349,ноќва,5
5350,ноќви,5
5351,ноќем,5
5352,ноќен,5
5353,ноќта,5
5354,нугат,5
5355,нужда,5
5356,нужен,5
5357,нужно,5
5358,нулев,5
5359,нулов,5
5360,нунка,5
5361,нунко,5
5362,нурец,5
5363,нурка,5
5364,нурне,5
5365,обари,5
5366,обата,5
5367,обвие,5
5368,обели,5
5369,обере,5
5370,обеси,5
5371,обете,5
5372,обѕир,5
5373,обива,5
5374,обиде,5
5375,облак,5
5376,облее,5
5377,облик,5
5378,облог,5
5379,обоен,5
5380,оболи,5
5381,образ,5
5382,обрач,5
5383,обред,5
5384,обрез,5
5385,обрне,5
5386,оброк,5
5387,обува,5
5388,обука,5
5389,обучи,5
5390,овене,5
5391,овери,5
5392,оврши,5
5393,овчар,5
5394,оглав,5
5395,оглас,5
5396,оглед,5
5397,огнар,5
5398,огнен,5
5399,оголи,5
5400,огрди,5
5401,огрев,5
5402,огрее,5
5403,огули,5
5404,одава,5
5405,одаде,5
5406,одаја,5
5407,одбие,5
5408,одбир,5
5409,одбор,5
5410,одвај,5
5411,одвее,5
5412,одвет,5
5413,одвие,5
5414,одвик,5
5415,одвод,5
5416,одвои,5
5417,оддел,5
5418,оддив,5
5419,одева,5
5420,одело,5
5421,одење,5
5422,одере,5
5423,одзад,5
5424,одзив,5
5425,одѕив,5
5426,одило,5
5427,одлее,5
5428,одлив,5
5429,одлие,5
5430,одмет,5
5431,одмие,5
5432,одмор,5
5433,однос,5
5434,одоко,5
5435,одоли,5
5436,одора,5
5437,одраз,5
5438,одред,5
5439,одржи,5
5440,одрон,5
5441,одука,5
5442,одучи,5
5443,ожали,5
5444,ожени,5
5445,оживи,5
5446,ожили,5
5447,ожнее,5
5448,ожние,5
5449,ожули,5
5450,ожури,5
5451,озари,5
5452,озоба,5
5453,ојари,5
5454,окади,5
5455,окаен,5
5456,окали,5
5457,окапе,5
5458,окапи,5
5459,океан,5
5460,оклоп,5
5461,окнар,5
5462,окове,5
5463,окови,5
5464,окози,5
5465,околу,5
5466,окоси,5
5467,окоти,5
5468,окрка,5
5469,окрои,5
5470,округ,5
5471,окрши,5
5472,оксид,5
5473,оксин,5
5474,октан,5
5475,октет,5
5476,окубе,5
5477,окучи,5
5478,олади,5
5479,олапа,5
5480,олеат,5
5481,олеин,5
5482,олеле,5
5483,олимп,5
5484,олкав,5
5485,олово,5
5486,олтар,5
5487,олупи,5
5488,олути,5
5489,омаен,5
5490,омажи,5
5491,омака,5
5492,омали,5
5493,омаца,5
5494,омачи,5
5495,омега,5
5496,омеѓи,5
5497,омечи,5
5498,омлет,5
5499,омрси,5
5500,онака,5
5501,онаму,5
5502,онеми,5
5503,оникс,5
5504,опаѓа,5
5505,опаку,5
5506,опали,5
5507,опари,5
5508,опаше,5
5509,опева,5
5510,опело,5
5511,опера,5
5512,опече,5
5513,опива,5
5514,опиен,5
5515,опиња,5
5516,опипа,5
5517,опира,5
5518,опише,5
5519,опкоп,5
5520,опнат,5
5521,опоен,5
5522,опржи,5
5523,опрли,5
5524,опсег,5
5525,оптек,5
5526,опули,5
5527,опфат,5
5528,опшие,5
5529,општо,5
5530,орало,5
5531,оранж,5
5532,орган,5
5533,орден,5
5534,ореов,5
5535,ореол,5
5536,орион,5
5537,оркан,5
5538,орлов,5
5539,орман,5
5540,ороди,5
5541,ороси,5
5542,орочи,5
5543,ортак,5
5544,осама,5
5545,осами,5
5546,освен,5
5547,освои,5
5548,осврт,5
5549,осети,5
5550,осиви,5
5551,осило,5
5552,осипе,5
5553,оскар,5
5554,ослич,5
5555,основ,5
5556,осоен,5
5557,осоли,5
5558,остар,5
5559,остен,5
5560,остер,5
5561,остри,5
5562,остро,5
5563,осуда,5
5564,осуди,5
5565,осука,5
5566,осуши,5
5567,отаде,5
5568,отапи,5
5569,отвор,5
5570,отели,5
5571,отепа,5
5572,отера,5
5573,отече,5
5574,отиде,5
5575,отима,5
5576,отина,5
5577,отказ,5
5578,откај,5
5579,откоп,5
5580,откос,5
5581,откуп,5
5582,отмен,5
5583,отпад,5
5584,отпат,5
5585,отпее,5
5586,отпие,5
5587,отпис,5
5588,отпор,5
5589,отров,5
5590,отруе,5
5591,отрча,5
5592,отсек,5
5593,отуѓи,5
5594,отчет,5
5595,отшие,5
5596,оќори,5
5597,офсет,5
5598,офука,5
5599,оцена,5
5600,оцени,5
5601,оцрни,5
5602,очаен,5
5603,очеша,5
5604,очила,5
5605,очиња,5
5606,очука,5
5607,ошути,5
5608,павер,5
5609,павка,5
5610,павне,5
5611,павта,5
5612,паган,5
5613,пагур,5
5614,падар,5
5615,падеж,5
5616,падне,5
5617,падре,5
5618,пазар,5
5619,пазач,5
5620,пајак,5
5621,пајка,5
5622,пајче,5
5623,пакер,5
5624,пакет,5
5625,пакло,5
5626,палав,5
5627,палас,5
5628,палат,5
5629,палач,5
5630,палеа,5
5631,палеж,5
5632,пален,5
5633,палец,5
5634,палир,5
5635,палка,5
5636,палма,5
5637,палто,5
5638,палче,5
5639,памет,5
5640,памти,5
5641,памук,5
5642,панго,5
5643,панда,5
5644,панел,5
5645,панта,5
5646,папка,5
5647,папса,5
5648,папче,5
5649,параф,5
5650,пареа,5
5651,парен,5
5652,парка,5
5653,парно,5
5654,парох,5
5655,парфе,5
5656,парче,5
5657,пасаж,5
5658,пасат,5
5659,пасив,5
5660,пасош,5
5661,паста,5
5662,пасти,5
5663,пасус,5
5664,пасха,5
5665,патар,5
5666,патем,5
5667,патен,5
5668,патец,5
5669,патка,5
5670,паток,5
5671,патор,5
5672,патос,5
5673,патче,5
5674,пауза,5
5675,пафта,5
5676,пацер,5
5677,пашка,5
5678,певец,5
5679,пегав,5
5680,пегаз,5
5681,пегла,5
5682,педал,5
5683,пеење,5
5684,пејач,5
5685,пекар,5
5686,пекол,5
5687,пелин,5
5688,пелте,5
5689,пембе,5
5690,пенал,5
5691,пента,5
5692,пепел,5
5693,перач,5
5694,перде,5
5695,периз,5
5696,перја,5
5697,перје,5
5698,перка,5
5699,перла,5
5700,перон,5
5701,перун,5
5702,перце,5
5703,перче,5
5704,песји,5
5705,песна,5
5706,песок,5
5707,песто,5
5708,петел,5
5709,петит,5
5710,петка,5
5711,петла,5
5712,петле,5
5713,петно,5
5714,петок,5
5715,петти,5
5716,петто,5
5717,пехар,5
5718,пецка,5
5719,пецне,5
5720,печал,5
5721,печат,5
5722,печен,5
5723,печка,5
5724,пешак,5
5725,пешки,5
5726,пивар,5
5727,пивка,5
5728,пивне,5
5729,пивот,5
5730,пивце,5
5731,пиење,5
5732,пиеса,5
5733,пизма,5
5734,пизми,5
5735,пијан,5
5736,пијач,5
5737,пикап,5
5738,пикне,5
5739,пиков,5
5740,пилав,5
5741,пилаф,5
5742,пилот,5
5743,пилци,5
5744,пиљар,5
5745,пипав,5
5746,пипер,5
5747,пипка,5
5748,пипне,5
5749,пират,5
5750,пиреј,5
5751,пирин,5
5752,пирит,5
5753,пирка,5
5754,пиров,5
5755,писар,5
5756,писец,5
5757,писка,5
5758,писмо,5
5759,писне,5
5760,писок,5
5761,писта,5
5762,питар,5
5763,питач,5
5764,питок,5
5765,питом,5
5766,питон,5
5767,пишан,5
5768,пишка,5
5769,пишти,5
5770,пјато,5
5771,плава,5
5772,плави,5
5773,плажа,5
5774,плази,5
5775,пласт,5
5776,плата,5
5777,плати,5
5778,плато,5
5779,плаќа,5
5780,плаче,5
5781,плаши,5
5782,плашт,5
5783,плева,5
5784,плеви,5
5785,племе,5
5786,плени,5
5787,плете,5
5788,плеќи,5
5789,плива,5
5790,плика,5
5791,плико,5
5792,плима,5
5793,плисе,5
5794,плови,5
5795,плоди,5
5796,плоча,5
5797,плука,5
5798,плута,5
5799,поаѓа,5
5800,побие,5
5801,повев,5
5802,повее,5
5803,повез,5
5804,повеј,5
5805,повие,5
5806,повик,5
5807,повод,5
5808,повој,5
5809,повте,5
5810,поган,5
5811,погон,5
5812,подем,5
5813,поден,5
5814,подло,5
5815,подои,5
5816,подол,5
5817,подуе,5
5818,поема,5
5819,пожар,5
5820,позер,5
5821,позив,5
5822,поика,5
5823,поило,5
5824,поима,5
5825,поита,5
5826,појас,5
5827,појде,5
5828,појќе,5
5829,покае,5
5830,показ,5
5831,покер,5
5832,покој,5
5833,покор,5
5834,полае,5
5835,полее,5
5836,полен,5
5837,полет,5
5838,полза,5
5839,ползи,5
5840,полие,5
5841,полио,5
5842,полип,5
5843,полис,5
5844,полка,5
5845,полни,5
5846,полно,5
5847,полог,5
5848,помал,5
5849,помен,5
5850,помин,5
5851,помни,5
5852,помор,5
5853,помош,5
5854,помпа,5
5855,понор,5
5856,пончо,5
5857,пооди,5
5858,поора,5
5859,попат,5
5860,попее,5
5861,попие,5
5862,попис,5
5863,попов,5
5864,попче,5
5865,пораб,5
5866,пораз,5
5867,поред,5
5868,порек,5
5869,порив,5
5870,пород,5
5871,порој,5
5872,порок,5
5873,порта,5
5874,порте,5
5875,посев,5
5876,посед,5
5877,посее,5
5878,посен,5
5879,посер,5
5880,после,5
5881,посно,5
5882,пости,5
5883,потег,5
5884,потез,5
5885,потем,5
5886,потен,5
5887,потоа,5
5888,поток,5
5889,потоп,5
5890,поука,5
5891,поучи,5
5892,поход,5
5893,почва,5
5894,почек,5
5895,почин,5
5896,почит,5
5897,почне,5
5898,почуе,5
5899,пошта,5
5900,пошти,5
5901,права,5
5902,прави,5
5903,право,5
5904,прање,5
5905,прасе,5
5906,праси,5
5907,прати,5
5908,праќа,5
5909,праша,5
5910,праши,5
5911,првак,5
5912,првин,5
5913,првка,5
5914,првне,5
5915,првут,5
5916,пргав,5
5917,прдеж,5
5918,прдла,5
5919,прдло,5
5920,прдне,5
5921,преде,5
5922,преѓа,5
5923,преѓе,5
5924,преку,5
5925,преод,5
5926,преса,5
5927,прета,5
5928,пречи,5
5929,пржел,5
5930,пржен,5
5931,пржол,5
5932,прием,5
5933,прима,5
5934,прими,5
5935,принц,5
5936,приод,5
5937,приќе,5
5938,пришт,5
5939,пркне,5
5940,пркос,5
5941,прнар,5
5942,проба,5
5943,проза,5
5944,проја,5
5945,проси,5
5946,просо,5
5947,прост,5
5948,прота,5
5949,профа,5
5950,прска,5
5951,прсне,5
5952,прсте,5
5953,пруга,5
5954,пружа,5
5955,пружи,5
5956,прцел,5
5957,прцле,5
5958,прчка,5
5959,прчко,5
5960,пршај,5
5961,псето,5
5962,психа,5
5963,птица,5
5964,птиче,5
5965,пувеж,5
5966,пувка,5
5967,пувла,5
5968,пувло,5
5969,пувне,5
5970,пувче,5
5971,пудер,5
5972,пудла,5
5973,пудра,5
5974,пудри,5
5975,пујка,5
5976,пукне,5
5977,пукот,5
5978,пулен,5
5979,пулпа,5
5980,пумпа,5
5981,пункт,5
5982,пунџа,5
5983,пупка,5
5984,пусти,5
5985,путер,5
5986,пуфка,5
5987,пуфла,5
5988,пушач,5
5989,пушка,5
5990,пушта,5
5991,пушти,5
5992,пцост,5
5993,пчела,5
5994,рабат,5
5995,рабен,5
5996,рабин,5
5997,рабуш,5
5998,рагби,5
5999,радар,5
6000,радио,5
6001,радон,5
6002,ражен,5
6003,разен,5
6004,разно,5
6005,разор,5
6006,разум,5
6007,ракав,5
6008,ракун,5
6009,ракче,5
6010,рамен,5
6011,рамка,5
6012,рамни,5
6013,рамно,5
6014,рампа,5
6015,ранет,5
6016,ранец,5
6017,ранче,5
6018,рапав,5
6019,рапер,5
6020,расад,5
6021,расед,5
6022,расее,5
6023,расек,5
6024,расен,5
6025,раска,5
6026,расне,5
6027,расно,5
6028,расол,5
6029,расте,5
6030,рафал,5
6031,рацио,5
6032,рачен,5
6033,рачка,5
6034,рачна,5
6035,рачно,5
6036,рашие,5
6037,ребро,5
6038,ребус,5
6039,ревер,5
6040,ревир,5
6041,ревне,5
6042,регал,5
6043,редар,5
6044,редно,5
6045,редок,5
6046,редум,5
6047,режач,5
6048,режим,5
6049,резач,5
6050,резба,5
6051,резен,5
6052,резил,5
6053,резне,5
6054,резок,5
6055,резон,5
6056,резус,5
6057,реиши,5
6058,рекет,5
6059,релеј,5
6060,ремен,5
6061,ремче,5
6062,ренда,5
6063,ренде,5
6064,рента,5
6065,репер,5
6066,репка,5
6067,репне,5
6068,рерна,5
6069,ресав,5
6070,реска,5
6071,реско,5
6072,ресне,5
6073,ресор,5
6074,ресто,5
6075,ретко,5
6076,ретро,5
6077,ретуш,5
6078,ретче,5
6079,ретчи,5
6080,реума,5
6081,рефус,5
6082,рецка,5
6083,рецне,5
6084,речел,5
6085,речен,5
6086,речит,5
6087,решен,5
6088,рибар,5
6089,рибен,5
6090,рибин,5
6091,рибји,5
6092,рибно,5
6093,ривал,5
6094,ригне,5
6095,ризик,5
6096,ризла,5
6097,ризом,5
6098,рикне,5
6099,рикша,5
6100,рилка,5
6101,ринта,5
6102,рипач,5
6103,рипка,5
6104,рипне,5
6105,рипче,5
6106,ритам,5
6107,ритка,5
6108,ритне,5
6109,ритче,5
6110,рицар,5
6111,робје,5
6112,робот,5
6113,ровит,5
6114,ровја,5
6115,ровка,5
6116,ровок,5
6117,рогат,5
6118,рогач,5
6119,рогле,5
6120,рогне,5
6121,рогов,5
6122,рогоз,5
6123,родан,5
6124,роден,5
6125,родео,5
6126,родов,5
6127,родум,5
6128,рожба,5
6129,розар,5
6130,розев,5
6131,розов,5
6132,рокер,5
6133,рокче,5
6134,ролат,5
6135,ролја,5
6136,ролка,5
6137,ролна,5
6138,роман,5
6139,ромка,5
6140,ромол,5
6141,ромор,5
6142,ромче,5
6143,рондо,5
6144,ронка,5
6145,ронче,5
6146,ропот,5
6147,росен,5
6148,ротор,5
6149,рофја,5
6150,рошав,5
6151,рошла,5
6152,рубин,5
6153,рубља,5
6154,рудар,5
6155,руина,5
6156,рулет,5
6157,румба,5
6158,румен,5
6159,рунда,5
6160,рупне,5
6161,русин,5
6162,руска,5
6163,руски,5
6164,рутер,5
6165,ручек,5
6166,ручка,5
6167,ручок,5
6168,сабја,5
6169,садач,5
6170,саден,5
6171,садно,5
6172,сајла,5
6173,сакан,5
6174,сакат,5
6175,салам,5
6176,салаш,5
6177,салва,5
6178,салдо,5
6179,салеп,5
6180,салон,5
6181,салса,5
6182,салто,5
6183,салут,5
6184,салца,5
6185,салце,5
6186,самар,5
6187,самба,5
6188,самее,5
6189,самец,5
6190,самит,5
6191,санка,5
6192,санки,5
6193,саноќ,5
6194,сапун,5
6195,сарај,5
6196,сараф,5
6197,сарач,5
6198,сарма,5
6199,сатар,5
6200,сатен,5
6201,сатир,5
6202,сауна,5
6203,сафир,5
6204,сафра,5
6205,свали,5
6206,свари,5
6207,сваќа,5
6208,сведе,5
6209,свежо,5
6210,свене,5
6211,свеси,5
6212,свест,5
6213,свети,5
6214,свето,5
6215,свеќа,5
6216,свива,5
6217,свика,5
6218,свила,5
6219,свили,5
6220,свинг,5
6221,свиња,5
6222,свиок,5
6223,свири,5
6224,свита,5
6225,сврби,5
6226,сврзе,5
6227,сврти,5
6228,себап,5
6229,севап,5
6230,севда,5
6231,север,5
6232,севте,5
6233,сегде,5
6234,седан,5
6235,седеф,5
6236,седла,5
6237,седло,5
6238,седма,5
6239,седми,5
6240,седне,5
6241,седум,5
6242,сејад,5
6243,сејач,5
6244,секач,5
6245,секне,5
6246,секое,5
6247,секои,5
6248,секој,5
6249,секта,5
6250,селам,5
6251,селен,5
6252,селфи,5
6253,селце,5
6254,семир,5
6255,семка,5
6256,семоќ,5
6257,семче,5
6258,сенат,5
6259,сенка,5
6260,сенчи,5
6261,сењор,5
6262,сепак,5
6263,сепне,5
6264,сепса,5
6265,серва,5
6266,серво,5
6267,серум,5
6268,сетен,5
6269,сетне,5
6270,сефте,5
6271,сецка,5
6272,сечач,5
6273,сечие,5
6274,сечии,5
6275,сечиј,5
6276,сечка,5
6277,сечко,5
6278,сешто,5
6279,сибир,5
6280,сивак,5
6281,сивее,5
6282,сивец,5
6283,сивка,5
6284,сивчо,5
6285,сигма,5
6286,сидри,5
6287,сидро,5
6288,силен,5
6289,силно,5
6290,силос,5
6291,силум,5
6292,симид,5
6293,симит,5
6294,симне,5
6295,синап,5
6296,сингл,5
6297,синее,5
6298,синко,5
6299,синов,5
6300,синод,5
6301,синор,5
6302,синус,5
6303,синче,5
6304,сињак,5
6305,сињор,5
6306,сирак,5
6307,сиров,5
6308,сируп,5
6309,ситар,5
6310,ситен,5
6311,ситни,5
6312,ситно,5
6313,сифон,5
6314,сиџим,5
6315,сјаен,5
6316,скала,5
6317,скалп,5
6318,скама,5
6319,скапе,5
6320,скапо,5
6321,скара,5
6322,скаут,5
6323,сквер,5
6324,сквош,5
6325,скела,5
6326,скеле,5
6327,скија,5
6328,скине,5
6329,скита,5
6330,скица,5
6331,склад,5
6332,склек,5
6333,склон,5
6334,склоп,5
6335,скова,5
6336,скове,5
6337,скока,5
6338,скопа,5
6339,скоро,5
6340,скреж,5
6341,скрие,5
6342,скроб,5
6343,скроз,5
6344,скрои,5
6345,скрпи,5
6346,скрши,5
6347,скубе,5
6348,скуси,5
6349,скуша,5
6350,слабо,5
6351,слава,5
6352,слави,5
6353,слади,5
6354,слајд,5
6355,слама,5
6356,слана,5
6357,слани,5
6358,сласт,5
6359,слеан,5
6360,слева,5
6361,следа,5
6362,следи,5
6363,слезе,5
6364,сленг,5
6365,слепи,5
6366,слепо,5
6367,слета,5
6368,слече,5
6369,слива,5
6370,слика,5
6371,слина,5
6372,слово,5
6373,слога,5
6374,сложи,5
6375,сломи,5
6376,слоши,5
6377,слуга,5
6378,служи,5
6379,слупа,5
6380,слуша,5
6381,смали,5
6382,смати,5
6383,смеле,5
6384,смело,5
6385,смена,5
6386,смени,5
6387,смеса,5
6388,смеси,5
6389,смета,5
6390,смете,5
6391,смеша,5
6392,смили,5
6393,смиље,5
6394,смири,5
6395,смкне,5
6396,смола,5
6397,смоли,5
6398,смота,5
6399,смрди,5
6400,смрси,5
6401,смрча,5
6402,смува,5
6403,смути,5
6404,снага,5
6405,снежи,5
6406,снема,5
6407,снесе,5
6408,снижи,5
6409,снизи,5
6410,снима,5
6411,сними,5
6412,снова,5
6413,снове,5
6414,сноси,5
6415,соаре,5
6416,собар,5
6417,собен,5
6418,собир,5
6419,собор,5
6420,собуе,5
6421,совет,5
6422,совие,5
6423,соѕре,5
6424,сојка,5
6425,сојуз,5
6426,сокак,5
6427,сокле,5
6428,сокол,5
6429,солар,5
6430,солен,5
6431,солза,5
6432,солзи,5
6433,солца,5
6434,сомот,5
6435,сомун,5
6436,сонар,5
6437,сонда,5
6438,сонет,5
6439,сонце,5
6440,сонча,5
6441,сонче,5
6442,соочи,5
6443,сопка,5
6444,сопне,5
6445,сопре,5
6446,сопче,5
6447,сорта,5
6448,сосед,5
6449,сосем,5
6450,соспа,5
6451,сотре,5
6452,софра,5
6453,сочен,5
6454,сочно,5
6455,сошие,5
6456,спази,5
6457,спали,5
6458,спање,5
6459,спари,5
6460,спаси,5
6461,спила,5
6462,спирт,5
6463,спица,5
6464,сплав,5
6465,сплет,5
6466,споив,5
6467,спора,5
6468,спори,5
6469,спорт,5
6470,спреј,5
6471,спржи,5
6472,спрли,5
6473,спука,5
6474,спури,5
6475,спуст,5
6476,срами,5
6477,среда,5
6478,среде,5
6479,среди,5
6480,среќа,5
6481,срика,5
6482,срипа,5
6483,срита,5
6484,сркне,5
6485,срмен,5
6486,срнче,5
6487,сроди,5
6488,срони,5
6489,сруши,5
6490,срцев,5
6491,срцка,5
6492,срчен,5
6493,срчка,5
6494,срџба,5
6495,става,5
6496,стави,5
6497,стадо,5
6498,стаен,5
6499,стаза,5
6500,стаја,5
6501,стане,5
6502,стапи,5
6503,стари,5
6504,старо,5
6505,старт,5
6506,стаса,5
6507,створ,5
6508,стега,5
6509,стела,5
6510,стена,5
6511,стент,5
6512,степа,5
6513,стига,5
6514,стило,5
6515,стине,5
6516,стиши,5
6517,стоик,5
6518,стока,5
6519,столб,5
6520,стопи,5
6521,стори,5
6522,стота,5
6523,стоти,5
6524,страв,5
6525,страд,5
6526,страк,5
6527,стрви,5
6528,стреа,5
6529,стрес,5
6530,стреч,5
6531,стрип,5
6532,строг,5
6533,строи,5
6534,строј,5
6535,струг,5
6536,струи,5
6537,струк,5
6538,стрча,5
6539,студи,5
6540,сувар,5
6541,судар,5
6542,судба,5
6543,суден,5
6544,судии,5
6545,судир,5
6546,суета,5
6547,суита,5
6548,сукња,5
6549,супер,5
6550,сурат,5
6551,сурла,5
6552,суров,5
6553,суруш,5
6554,сурфа,5
6555,сусам,5
6556,суфле,5
6557,сучка,5
6558,сучки,5
6559,суџук,5
6560,сушен,5
6561,сфати,5
6562,сфаќа,5
6563,сфера,5
6564,сцена,5
6565,табак,5
6566,табан,5
6567,табла,5
6568,табло,5
6569,табор,5
6570,таван,5
6571,тавче,5
6572,тажба,5
6573,тажен,5
6574,тажно,5
6575,тајга,5
6576,тајна,5
6577,тајно,5
6578,тајум,5
6579,тајфа,5
6580,таква,5
6581,такво,5
6582,таков,5
6583,такса,5
6584,такси,5
6585,талас,5
6586,талка,5
6587,талог,5
6588,талон,5
6589,талпа,5
6590,тамам,5
6591,таман,5
6592,танго,5
6593,танец,5
6594,танин,5
6595,тапан,5
6596,тапет,5
6597,тапир,5
6598,тапка,5
6599,тапчо,5
6600,тарот,5
6601,тасче,5
6602,татко,5
6603,татли,5
6604,татни,5
6605,тацна,5
6606,ташна,5
6607,твист,5
6608,твоја,5
6609,твори,5
6610,тврди,5
6611,тврдо,5
6612,тегав,5
6613,тегет,5
6614,тегла,5
6615,тегли,5
6616,тегло,5
6617,тегне,5
6618,тежок,5
6619,тезга,5
6620,текне,5
6621,текст,5
6622,телал,5
6623,телоп,5
6624,темел,5
6625,темен,5
6626,темни,5
6627,темно,5
6628,темпо,5
6629,тенда,5
6630,тенис,5
6631,тенко,5
6632,тенок,5
6633,тенор,5
6634,тенчи,5
6635,тепал,5
6636,тепач,5
6637,тепих,5
6638,тепка,5
6639,терач,5
6640,терен,5
6641,терма,5
6642,терми,5
6643,терор,5
6644,терца,5
6645,тесен,5
6646,тесла,5
6647,тесни,5
6648,тесно,5
6649,тесто,5
6650,тетин,5
6651,тетка,5
6652,тетра,5
6653,техно,5
6654,течен,5
6655,течно,5
6656,тешка,5
6657,тешко,5
6658,тешта,5
6659,тивко,5
6660,тивок,5
6661,тиган,5
6662,тигар,5
6663,тиква,5
6664,тикет,5
6665,тимба,5
6666,типка,5
6667,типла,5
6668,типче,5
6669,тираж,5
6670,титан,5
6671,титиз,5
6672,титка,5
6673,титне,5
6674,тифус,5
6675,тишти,5
6676,ткаач,5
6677,ткаеж,5
6678,ткиво,5
6679,тлака,5
6680,товар,5
6681,товен,5
6682,тогај,5
6683,тогаш,5
6684,токми,5
6685,токму,5
6686,толку,5
6687,толпа,5
6688,тонер,5
6689,тонец,5
6690,тоник,5
6691,тонка,5
6692,тонус,5
6693,топаз,5
6694,топен,5
6695,топка,5
6696,топли,5
6697,топло,5
6698,топол,5
6699,топот,5
6700,топуз,5
6701,топук,5
6702,топче,5
6703,торба,5
6704,торбе,5
6705,торзо,5
6706,торта,5
6707,тотем,5
6708,точак,5
6709,точач,5
6710,точен,5
6711,точка,5
6712,точно,5
6713,трага,5
6714,траен,5
6715,тражи,5
6716,транс,5
6717,траор,5
6718,траса,5
6719,трати,5
6720,тргне,5
6721,треба,5
6722,треби,5
6723,трева,5
6724,трема,5
6725,тренд,5
6726,тресе,5
6727,трета,5
6728,трети,5
6729,трето,5
6730,триен,5
6731,трико,5
6732,триод,5
6733,трици,5
6734,тркач,5
6735,тркне,5
6736,тркум,5
6737,трмка,5
6738,трнка,5
6739,трнов,5
6740,трнче,5
6741,трњак,5
6742,троен,5
6743,тромб,5
6744,тромо,5
6745,тропа,5
6746,троши,5
6747,трпки,5
6748,трпне,5
6749,трска,5
6750,тртка,5
6751,труба,5
6752,труби,5
6753,трупа,5
6754,трупи,5
6755,труст,5
6756,трчка,5
6757,туѓин,5
6758,тужба,5
6759,тужен,5
6760,тукан,5
6761,тулум,5
6762,тумба,5
6763,тумор,5
6764,тунел,5
6765,тупав,5
6766,тупка,5
6767,тупне,5
6768,тупот,5
6769,турбо,5
6770,турка,5
6771,турне,5
6772,тутка,5
6773,тутне,5
6774,тутор,5
6775,тутун,5
6776,тутур,5
6777,туфка,5
6778,туфна,5
6779,ќебап,5
6780,ќелав,5
6781,ќелеш,5
6782,ќенеф,5
6783,ќерка,5
6784,ќефне,5
6785,ќешки,5
6786,ќорци,5
6787,ќосав,5
6788,ќотек,5
6789,ќофте,5
6790,ќулав,5
6791,ќумбе,5
6792,ќумез,5
6793,ќумур,5
6794,ќунец,5
6795,ќутук,5
6796,ќушка,5
6797,ќушне,5
6798,уапси,5
6799,убаво,5
6800,убеди,5
6801,убост,5
6802,убрза,5
6803,уважи,5
6804,увезе,5
6805,увери,5
6806,увиди,5
6807,угаси,5
6808,угине,5
6809,углед,5
6810,угоди,5
6811,угоен,5
6812,угоре,5
6813,удави,5
6814,удвои,5
6815,удира,5
6816,удолу,5
6817,удрен,5
6818,ужаси,5
6819,ужива,5
6820,ужина,5
6821,укаже,5
6822,укаса,5
6823,укине,5
6824,укопа,5
6825,укори,5
6826,украс,5
6827,укрие,5
6828,улави,5
6829,улица,5
6830,уличе,5
6831,улови,5
6832,улога,5
6833,ултра,5
6834,умник,5
6835,умора,5
6836,умори,5
6837,умува,5
6838,унија,5
6839,упаѓа,5
6840,упати,5
6841,упика,5
6842,уплав,5
6843,урами,5
6844,урбан,5
6845,уреди,5
6846,урива,5
6847,урина,5
6848,урлик,5
6849,урнек,5
6850,урочи,5
6851,усвет,5
6852,усвои,5
6853,усели,5
6854,услов,5
6855,успее,5
6856,успех,5
6857,успие,5
6858,устав,5
6859,устие,5
6860,устои,5
6861,утеха,5
6862,утеши,5
6863,уфрла,5
6864,уфрли,5
6865,уцена,5
6866,уцени,5
6867,учено,5
6868,учење,5
6869,учини,5
6870,учтив,5
6871,фагот,5
6872,фазан,5
6873,фазен,5
6874,фазла,5
6875,фазон,5
6876,фајда,5
6877,фајде,5
6878,факел,5
6879,факир,5
6880,фалба,5
6881,фалта,5
6882,фарба,5
6883,фарма,5
6884,фарса,5
6885,фатен,5
6886,фатка,5
6887,фаќач,5
6888,фауна,5
6889,федер,5
6890,фелер,5
6891,фенер,5
6892,ферка,5
6893,ферма,5
6894,фетус,5
6895,фешта,5
6896,фикус,5
6897,фиљан,5
6898,финиш,5
6899,финта,5
6900,фиока,5
6901,фиран,5
6902,фирма,5
6903,фитил,5
6904,фитиљ,5
6905,фиука,5
6906,фишек,5
6907,фјорд,5
6908,флаер,5
6909,флаша,5
6910,флека,5
6911,флерт,5
6912,флора,5
6913,флота,5
6914,флуид,5
6915,флукс,5
6916,флуор,5
6917,фоаје,5
6918,фокус,5
6919,форма,5
6920,форте,5
6921,форум,5
6922,форца,5
6923,фосил,5
6924,фотка,5
6925,фотон,5
6926,фотос,5
6927,фраер,5
6928,фраза,5
6929,франк,5
6930,фрапе,5
6931,фреза,5
6932,фркне,5
6933,фрлач,5
6934,фронт,5
6935,фрцка,5
6936,фурка,5
6937,фурна,5
6938,фуфка,5
6939,фушер,5
6940,хаику,5
6941,хајка,5
6942,хакер,5
6943,хакне,5
6944,хамер,5
6945,харфа,5
6946,хаски,5
6947,хауба,5
6948,хебла,5
6949,хелда,5
6950,хељда,5
6951,херој,5
6952,хефта,5
6953,хиена,5
6954,химна,5
6955,хипик,5
6956,хобит,5
6957,хокеј,5
6958,хорна,5
6959,хотел,5
6960,храна,5
6961,храни,5
6962,хрчак,5
6963,хуман,5
6964,хумор,5
6965,хумус,5
6966,цагер,5
6967,цакне,5
6968,цапка,5
6969,цапне,5
6970,царев,5
6971,царче,5
6972,цацка,5
6973,цацко,5
6974,цвета,5
6975,цвети,5
6976,цвеќе,5
6977,цвика,5
6978,цвили,5
6979,цвичи,5
6980,цврка,5
6981,цврст,5
6982,цврчи,5
6983,цевка,5
6984,цевче,5
6985,цезар,5
6986,целер,5
6987,ценет,5
6988,цепка,5
6989,цивил,5
6990,цивка,5
6991,цивне,5
6992,цигла,5
6993,цикне,5
6994,цимер,5
6995,цимет,5
6996,циник,5
6997,цирка,5
6998,циста,5
6999,цитат,5
7000,цифка,5
7001,цифра,5
7002,цицач,5
7003,цокле,5
7004,црвен,5
7005,црвец,5
7006,црвче,5
7007,црево,5
7008,цреша,5
7009,црква,5
7010,црнее,5
7011,црпка,5
7012,црпне,5
7013,цртан,5
7014,цртач,5
7015,цртеж,5
7016,црцор,5
7017,цунка,5
7018,цупка,5
7019,цурик,5
7020,цутар,5
7021,цутеж,5
7022,цуцла,5
7023,цуцул,5
7024,чавка,5
7025,чавче,5
7026,чаден,5
7027,чадор,5
7028,чајче,5
7029,чакал,5
7030,чакра,5
7031,чалам,5
7032,чалма,5
7033,чамец,5
7034,чамче,5
7035,чанак,5
7036,чанта,5
7037,чапја,5
7038,чарка,5
7039,чатал,5
7040,чаура,5
7041,чашка,5
7042,чврга,5
7043,чевел,5
7044,чевла,5
7045,чевли,5
7046,чекан,5
7047,чекач,5
7048,чекич,5
7049,чекор,5
7050,чекрк,5
7051,челад,5
7052,челик,5
7053,чемер,5
7054,чепка,5
7055,чепне,5
7056,черга,5
7057,череп,5
7058,чесен,5
7059,чесно,5
7060,чести,5
7061,често,5
7062,четка,5
7063,четче,5
7064,чешел,5
7065,чешен,5
7066,чешит,5
7067,чешка,5
7068,чешла,5
7069,чешле,5
7070,чешма,5
7071,чешне,5
7072,чибук,5
7073,чигра,5
7074,чизма,5
7075,чинар,5
7076,чинка,5
7077,чипка,5
7078,чирак,5
7079,чирче,5
7080,чисти,5
7081,чисто,5
7082,читав,5
7083,читал,5
7084,читан,5
7085,читач,5
7086,читка,5
7087,читко,5
7088,чифте,5
7089,чичка,5
7090,чичко,5
7091,чкрап,5
7092,чкрта,5
7093,чобан,5
7094,човек,5
7095,чорап,5
7096,чорба,5
7097,чочек,5
7098,чувар,5
7099,чудак,5
7100,чуден,5
7101,чудно,5
7102,чукне,5
7103,чунки,5
7104,чучне,5
7105,чушка,5
7106,џавка,5
7107,џагор,5
7108,џакет,5
7109,џамбо,5
7110,џамче,5
7111,џанам,5
7112,џанка,5
7113,џвака,5
7114,џврка,5
7115,џебен,5
7116,џезве,5
7117,џезер,5
7118,џенем,5
7119,џенет,5
7120,џепче,5
7121,џивка,5
7122,џигер,5
7123,џингл,5
7124,џитка,5
7125,џитне,5
7126,џиџан,5
7127,џишне,5
7128,џогер,5
7129,џокеј,5
7130,џокер,5
7131,џумка,5
7132,џуска,5
7133,шајак,5
7134,шајка,5
7135,шајче,5
7136,шалта,5
7137,шалче,5
7138,шамак,5
7139,шаман,5
7140,шамар,5
7141,шамот,5
7142,шанец,5
7143,шанса,5
7144,шапка,5
7145,шарач,5
7146,шарен,5
7147,шарец,5
7148,шаржа,5
7149,шарка,5
7150,шарко,5
7151,шатка,5
7152,шаток,5
7153,шатор,5
7154,шатче,5
7155,шахта,5
7156,шашав,5
7157,шашма,5
7158,шверц,5
7159,шворц,5
7160,шебој,5
7161,шекне,5
7162,шепка,5
7163,шепне,5
7164,шепот,5
7165,шерет,5
7166,шериф,5
7167,шеста,5
7168,шести,5
7169,шесто,5
7170,шетач,5
7171,шетка,5
7172,шеќер,5
7173,шешир,5
7174,шибер,5
7175,шивач,5
7176,шизик,5
7177,шизне,5
7178,шијач,5
7179,шикне,5
7180,шилец,5
7181,шилчи,5
7182,шинел,5
7183,шипка,5
7184,широк,5
7185,ширум,5
7186,шитка,5
7187,шитне,5
7188,шифра,5
7189,шишка,5
7190,шишки,5
7191,шишти,5
7192,шкарт,5
7193,школа,5
7194,школо,5
7195,шкрги,5
7196,шкрта,5
7197,шкрто,5
7198,шлајм,5
7199,шлака,5
7200,шланк,5
7201,шлапа,5
7202,шлепа,5
7203,шмека,5
7204,шнира,5
7205,шнола,5
7206,шолја,5
7207,шофер,5
7208,шпага,5
7209,шпајз,5
7210,шпара,5
7211,шпион,5
7212,шпица,5
7213,шприц,5
7214,шрафи,5
7215,штави,5
7216,штака,5
7217,штала,5
7218,штама,5
7219,штанд,5
7220,штеди,5
7221,штета,5
7222,штети,5
7223,штима,5
7224,штипе,5
7225,штити,5
7226,штица,5
7227,штиче,5
7228,штрак,5
7229,штрап,5
7230,штраф,5
7231,штрек,5
7232,штука,5
7233,штури,5
7234,шугав,5
7235,шумар,5
7236,шумен,5
7237,шумно,5
7238,шунка,5
7239,шурка,5
7240,шурна,5
7241,шурне,5
7242,шуруп,5
7243,шутер,5
7244,шутне,5
7245,шуќур,5
7246,шушка,5
7247,шушне,5
7248,шушти,5
